Occurrence Number,Occurrence Date,Registered On,State,Investigation Type,Risk,Title,Reg Mark
O19407-26,20/08/2026 12:00,20/08/2026,Open,Logged for Statistics,Acceptable (1),AVA- FUEL QUANTITY DISCREPANCY -400Kg,N745AV
O19402-26,20/08/2026 12:00,20/08/2026,Open,,,AVA- BIRD STRIKE DURING LANDING ON CAPTAINS WINDSHIELD,HK-5352
O19421-26,20/08/2026 11:06,20/08/2026,Open,Logged for Statistics,Acceptable (4),AVA- CONVEYOR IMPROPER DOCKING,N647AV
O19420-26,20/08/2026 10:07,20/08/2026,Open,Logged for Statistics,Acceptable (4),AVA- BOARDING LADDER IMPROPER DOCKING,N956AV
O19419-26,20/08/2026 10:05,20/08/2026,Open,Logged for Statistics,Acceptable (1),AVA- CONVEYOR WITHOUT CHOCKS,N207FR
O19418-26,20/08/2026 09:55,20/08/2026,Open,Logged for Statistics,Acceptable (1),AVA- INCORRECT OR MISSING CONES,N207FR
O19416-26,20/08/2026 09:54,20/08/2026,Open,Logged for Statistics,Acceptable (4),AVA- STAIRS IMPROPER DOCKING,N207FR
O19399-26,20/08/2026 06:56,20/08/2026,Open,,,AVA- GROUND EQUIPMENT MISSING FIRE EXTINGUISHER,HK-5409
O19396-26,20/08/2026 04:38,20/08/2026,Open,Logged for Statistics,Acceptable (1),AVA- IMPROPER HANDLING OF GROUND POWER UNIT,N950AV
O19392-26,20/08/2026 03:41,20/08/2026,Open,Logged for Statistics,Acceptable (1),AVA- OVERNIGHT PARKED AIRCRAFT WITH INCOMPLETE MARSHALLING CONFIGURATION,N755AV
O19394-26,20/08/2026 00:46,20/08/2026,Open,Logged for Statistics,Acceptable (1),CSB- LACK OF GROUND EQUIPMEMT AT UIO,
O19359-26,19/08/2026 23:00,20/08/2026,Open,Logged for Statistics,Acceptable (1),AVA- PUSHBACK EQUIPMENT NOT AVAILABLE ON TIME,N766AV
O19393-26,19/08/2026 22:00,20/08/2026,Open,Logged for Statistics,Acceptable (1),TPA- LACK OF GROUND EQUIPMEMT AT UIO,N337QT
O19366-26,19/08/2026 20:16,20/08/2026,Open,Logged for Statistics,Acceptable (4),AVA- CARGO LOADED WITHOUT REQUIRED CEILING CLEARANCE,N230AC
O19365-26,19/08/2026 18:00,20/08/2026,Open,Logged for Statistics,Acceptable (1),AVA- CARGO ARRIVING IN POOR CONDITION,N724AV
O19341-26,19/08/2026 18:00,20/08/2026,Open,,,AVA- GROUND POWER UNIT INDUCED AIRCRAFT ELECTRICAL FAILURES,N793AV
O19355-26,19/08/2026 17:44,20/08/2026,Open,Logged for Statistics,Acceptable (4),AVA- SERVICE LADDER IMPROPER DOCKING,HC-CTX
O19330-26,19/08/2026 16:55,20/08/2026,Open,Logged for Statistics,Acceptable (4),AVA- BIRD STRIKE NO DAMAGE AT LET,N862AV
O19317-26,19/08/2026 15:45,20/08/2026,Open,Logged for Statistics,Acceptable (1),AVA- CATERING VEHICLE WITHOUT CHOCKS,HK-5320
O19333-26,19/08/2026 15:40,20/08/2026,Open,,,AVA- APU SHUTDOWN DUE TO EXTERNAL POWER DISCONNECTION,N195AV
O19354-26,19/08/2026 15:30,20/08/2026,In Progress,Assessment Only,Acceptable (4),AVA- CARGO PIECE NOT FPUND DURING UNLOADING,N765AV
O19304-26,19/08/2026 13:15,20/08/2026,Open,Logged for Statistics,Acceptable (1),AVA- FUEL QUANTITY DISCREPANCY -400Kg,N783AV
O19331-26,19/08/2026 12:44,20/08/2026,Open,Logged for Statistics,Acceptable (1),AVA- AKE FALL OUTSIDE SAFETY AREA,N799AV
O19311-26,19/08/2026 12:00,20/08/2026,In Progress,Assessment Only,Acceptable (4),AVA- AIRCRAFT MOVING WITH DOOR 4R OPEN,N782AV
O19306-26,19/08/2026 12:00,20/08/2026,In Progress,Assessment Only,Acceptable (4),LRC- CONFUSION IN MARSHALING ASSIGNMENT DURING SIMULTANEOUS AIRCRAFT OPERATIONS,N961AV
O19297-26,19/08/2026 12:00,20/08/2026,Open,Logged for Statistics,Acceptable (4),AVA- JETWAY PROXIMITY TO AIRCRAFT,N762AV
O19292-26,19/08/2026 11:24,20/08/2026,Open,Logged for Statistics,Acceptable (1),AVA- MISSING FOD BAG ON CONVEYOR,N284AV
O19351-26,19/08/2026 09:27,20/08/2026,Open,Logged for Statistics,Acceptable (4),AVA- EARLY REMOVAL OF AIRCRAFT SAFETY DEVICES,N206FR
O19279-26,19/08/2026 08:20,20/08/2026,Open,Logged for Statistics,Acceptable (4),AVA- STAIRS WITHOUT RUBBER,HK-5408
O19303-26,19/08/2026 06:55,20/08/2026,Open,Logged for Statistics,Acceptable (1),GLG- BAGGAGE CART IN BAD CONDITIONS,HC-CJW
O19367-26,19/08/2026 06:15,20/08/2026,Open,Logged for Statistics,Acceptable (1),AVA- WRONG CARGO POSITION FOUND BEFORE DEPARTURE,N740AV
O19326-26,19/08/2026 05:22,20/08/2026,Open,Logged for Statistics,Acceptable (2),AVA- EXPIRED FIRE EXTINGUISHER,HK-5273
O19254-26,19/08/2026 05:00,19/08/2026,Open,Assessment Only,Acceptable (4),"AVA- FUEL LOAD DISCREPANCY DURING REFUELING &#43,200KG",N748AV
O19252-26,19/08/2026 05:00,19/08/2026,Open,,,AVA- MISSING LANDING GEAR CHOCKS DURING PARKING,N743AV
O19308-26,19/08/2026 00:10,20/08/2026,Open,Logged for Statistics,Acceptable (4),AVA- BIRD STRIKE NO DAMAGE AT ORD,N943AV
O19249-26,18/08/2026 23:33,19/08/2026,Open,Logged for Statistics,Acceptable (4),AVA- EARLY REMOVAL OF AIRCRAFT SAFETY DEVICES,HC-CJW
O19248-26,18/08/2026 23:22,19/08/2026,Open,Logged for Statistics,Acceptable (1),AVA- CONVEYOR WITHOUT CHOCKS,HC-CJW
O19413-26,18/08/2026 20:40,20/08/2026,Open,Logged for Statistics,Acceptable (4),GLG- CARGO LOADED WITHOUT REQUIRED CEILING CLEARANCE,N775AV
O19363-26,18/08/2026 20:32,20/08/2026,Open,Logged for Statistics,Acceptable (4),AVA- CARGO LOADED WITHOUT REQUIRED CEILING CLEARANCE,N230AC
O19277-26,18/08/2026 20:30,20/08/2026,Open,Logged for Statistics,Acceptable (1),GLG- BAGGAGE COMPARTMENT NET UNSECURED,N775AV
O19313-26,18/08/2026 19:20,20/08/2026,Open,Logged for Statistics,Acceptable (4),AVA- CARGO LOADED WITHOUT REQUIRED CEILING CLEARANCE,N960AV
O19362-26,18/08/2026 19:10,20/08/2026,Open,Logged for Statistics,Acceptable (4),AVA- CARGO LOADED WITHOUT REQUIRED CEILING CLEARANCE,HK-5408
O19244-26,18/08/2026 19:00,19/08/2026,Open,,,AVA- GROUND EQUIPMENT SERVICE UNAVAILABLE DURING TURNAROUND,N446AV
O19412-26,18/08/2026 18:40,20/08/2026,In Progress,Assessment Only,Acceptable (4),AVA- TOWING VEHICLE PARKING BRAKE RELEASED UNINTENTIONALLY,N345AV
O19235-26,18/08/2026 18:08,19/08/2026,Open,Logged for Statistics,Acceptable (2),AVA- BAGGAGE CART WITHOUT CHOCKS,N422AV
O19232-26,18/08/2026 17:36,19/08/2026,Open,Logged for Statistics,Acceptable (1),AVA- MISSING FOD BAG,N446AV
O19275-26,18/08/2026 17:20,20/08/2026,Open,Logged for Statistics,Acceptable (2),TPA- INCORRECT ULD LOCK CONFIGURATION,N342AV
O19220-26,18/08/2026 14:30,19/08/2026,Open,Logged for Statistics,Acceptable (1),AVA- CARGO ARRIVING IN POOR CONDITION,HK-5408
O19286-26,18/08/2026 12:00,20/08/2026,Open,Logged for Statistics,Acceptable (4),TPA- CARGO COMPARTMENT MINOR DAMAGE,N335QT
O19204-26,18/08/2026 11:47,19/08/2026,Open,Logged for Statistics,Acceptable (1),AVA- FUEL QUANTITY DISCREPANCY -400Kg,N691AV
O19200-26,18/08/2026 10:40,19/08/2026,Open,Logged for Statistics,Acceptable (4),AVA- CARGO LOADED WITHOUT REQUIRED CEILING CLEARANCE,N932AV
O19307-26,18/08/2026 08:29,20/08/2026,Open,,,TPA- BIN AXLE CLEARANCE BELOW TWO INCHES,N960AV
O19192-26,18/08/2026 07:38,19/08/2026,Open,Logged for Statistics,Acceptable (4),TAI- JETBRIDGE DEFECTIVE AT SAL,N940AV
O19190-26,18/08/2026 07:00,19/08/2026,Open,Logged for Statistics,Acceptable (4),AVA- IMPROPER CARGO DOOR CLOSURE WITH CONVEYOR ATTACHED,N962AV
O19163-26,18/08/2026 05:49,18/08/2026,In Progress,Assessment Only,Acceptable (4),"AVA- FUEL QUANTITY DISCREPANCY &#43,200KG",N954AV
O19226-26,18/08/2026 03:35,19/08/2026,Open,Logged for Statistics,Acceptable (1),AVA- BAGGAGE COMPARTMENT NET UNSECURED,HK-5393
O19158-26,18/08/2026 01:20,18/08/2026,Open,Logged for Statistics,Acceptable (4),AVA- PUSHBACK WITH GROUND EQUIPMENT INSIDE DIAMOND,N688TA
O19153-26,17/08/2026 22:40,18/08/2026,Open,Logged for Statistics,Acceptable (1),AVA- INCORRECT WORK BENCH USED BY MANTO,HK5389
O19156-26,17/08/2026 22:38,18/08/2026,Open,Logged for Statistics,Acceptable (1),PLM- GROUND EQUIPMENT APPROACH WIHTOUT GUIDE MAN,
O19141-26,17/08/2026 18:40,18/08/2026,Open,Logged for Statistics,Acceptable (1),GLG- BAGGAGE OVERFLEW,HC-CSF
O19148-26,17/08/2026 17:45,18/08/2026,Open,Logged for Statistics,Acceptable (1),AVA- BAGGAGE COMPARTMENT NET UNSECURED,HC-CJV
O19140-26,17/08/2026 17:40,18/08/2026,Open,,,AVA- DISCHARGED FIRE EXTINGUISHER NOT REPLACED DURING GROUND OPERATION,N446AV
O19133-26,17/08/2026 17:35,18/08/2026,Open,Logged for Statistics,Acceptable (4),AVA- JET WAY IMPROPER DOCKING,N398AV
O19145-26,17/08/2026 17:01,18/08/2026,Open,Logged for Statistics,Acceptable (1),AVA- FUEL QUANTITY DISCREPANCY -400Kg,N411AV
O19139-26,17/08/2026 16:24,18/08/2026,Open,Logged for Statistics,Acceptable (4),GLG- INCORRECT AIRCRAFT POSITIONING DURING PARKING,N776AV
O19178-26,17/08/2026 14:00,19/08/2026,Open,Logged for Statistics,Acceptable (1),AVA- CARGO DROPPED DURING UNLOADING,HK-5365
O19113-26,17/08/2026 13:17,18/08/2026,Open,,,AVA- GROUND POWER UNIT ELECTRICAL OSCILLATION AND DISCONNECTION,
O19121-26,17/08/2026 12:55,18/08/2026,Open,Logged for Statistics,Acceptable (1),AVA- FUEL QUANTITY DISCREPANCY -400Kg,N253AC
O19107-26,17/08/2026 12:54,18/08/2026,Open,Logged for Statistics,Acceptable (1),AVA- CONVEYOR WITHOUT RUBBER AND FOD BAG,N932AV
O19118-26,17/08/2026 12:25,18/08/2026,Open,,,AVA- EXPIRED FIRE EXTINGUISHER NOT REPLACED BEFORE FLIGHT,N253AC
O19224-26,17/08/2026 12:00,19/08/2026,In Progress,Assessment Only,Acceptable (4),AVA- BAGGAGE DISCREPANCY DURING CHECK IN,N536AV
O19194-26,17/08/2026 12:00,19/08/2026,Open,Logged for Statistics,Acceptable (4),GLG- FUEL VALVE LEFT OPEN DURING POST BOARDING FUEL BALANCE,HC-CJW
O19099-26,17/08/2026 10:27,18/08/2026,Open,Logged for Statistics,Acceptable (4),AVA- CARGO LOADED WITHOUT REQUIRED CEILING CLEARANCE,N755AV
O19096-26,17/08/2026 10:27,18/08/2026,Open,Logged for Statistics,Acceptable (1),AVA- COMFORT KIT LOADSHEET DISCREPANCY,N755AV
O19147-26,17/08/2026 09:30,18/08/2026,Open,Logged for Statistics,Acceptable (1),AVR- METALLIC FOD FOUND NEAR NOSE LANDING GEAR,N281AV
O19094-26,17/08/2026 09:30,18/08/2026,Open,Logged for Statistics,Acceptable (1),AVA- FUEL QUANTITY DISCREPANCY -400Kg,N281AV
O19089-26,17/08/2026 08:15,18/08/2026,Open,Logged for Statistics,Acceptable (4),AVA- BIRD STRIKE NO DAMAGE AT BOG,N536AV
O19086-26,17/08/2026 08:12,18/08/2026,Open,Logged for Statistics,Acceptable (1),AVA- WRONG PROCEDURE PAYMOVER WITHOUT 360 CHECK,N284AV
O19149-26,17/08/2026 07:44,18/08/2026,Open,Logged for Statistics,Acceptable (1),AVA- CARGO NET IMPROPERLY SECURED IN REAR HOLD,HK-5320
O19080-26,17/08/2026 05:50,18/08/2026,In Progress,Assessment Only,Acceptable (4),AVA- CARGO INSIDE THE AIRCRAFT SAFETY AREA DURING ARRIVAL,N599AV
O19079-26,17/08/2026 03:54,18/08/2026,Open,Logged for Statistics,Acceptable (1),AVA- FUEL QUANTITY DISCREPANCY -400Kg,N958AV
O19082-26,17/08/2026 02:00,18/08/2026,In Progress,Full Investigation,Tolerable (20),TPA- AIRCRAFT DOOR CONTACT WITH ACCESS LADDER DURING LOADING,N342AV
O19064-26,17/08/2026 00:15,18/08/2026,Open,Logged for Statistics,Acceptable (1),AVA- COMFORT KIT LOADSHEET DISCREPANCY,N992AV
O19063-26,17/08/2026 00:02,18/08/2026,Open,Logged for Statistics,Acceptable (4),AVA- CARGO LOADED WITHOUT REQUIRED CEILING CLEARANCE,N992AV
O19305-26,16/08/2026 22:46,20/08/2026,Open,Logged for Statistics,Acceptable (4),TPA- AIRCRAFT PUSHBACK POSITIONING DELAY,N342AV
O19065-26,16/08/2026 21:35,18/08/2026,Open,Logged for Statistics,Acceptable (4),TNO- CARGO COMPARTMENT NET UNSECURED,N338QT
O19385-26,16/08/2026 18:54,20/08/2026,Open,Logged for Statistics,Acceptable (1),AVA- DELAYED REAR CARGO BAY UNLOADING DUE TO SEALED COMPARTMENT,HK-5318
O19233-26,16/08/2026 18:50,19/08/2026,In Progress,Assessment Only,Acceptable (4),AVA- GROUND EQUIPMENT IMPACT ON NOSE LANDING GEAR,HK-5407
O19055-26,16/08/2026 18:40,18/08/2026,In Progress,Assessment Only,Acceptable (4),AVA- AIRCRAFT WHEEL CHOCKS NOT REMOVED BEFORE PUSHBACK,HK-5407
O19137-26,16/08/2026 18:24,18/08/2026,Open,Logged for Statistics,Acceptable (1),AVA- CONVEYOR WITHOUT CHOCKS,HK-5390
O19052-26,16/08/2026 17:52,18/08/2026,Open,Logged for Statistics,Acceptable (1),AVA- BAGGAGE COMPARTMENT NET UNSECURED,N281AV
O19095-26,16/08/2026 16:41,18/08/2026,Open,Logged for Statistics,Acceptable (1),AVA- FUEL QUANTITY DISCREPANCY -400Kg,N818AV
O19048-26,16/08/2026 15:16,18/08/2026,In Progress,Assessment Only,Tolerable (21),TPA- BIRD STRIKE DAMAGE AT VCP,N330QT
O19046-26,16/08/2026 14:57,18/08/2026,Open,Logged for Statistics,Acceptable (1),GLG- CARGODROPPED DURING UNLOADING,N776AV
O19043-26,16/08/2026 12:46,18/08/2026,Open,Logged for Statistics,Acceptable (1),AVA- BAGGAGE COMPARTMENT NET UNSECURED,HK-5273
O19041-26,16/08/2026 12:40,18/08/2026,Open,Logged for Statistics,Acceptable (1),AVA- OVERNIGHT PARKED AIRCRAFT WITH INCOMPLETE CHOCKING CONFIGURATION,HK-5423
O19040-26,16/08/2026 12:30,18/08/2026,Open,Logged for Statistics,Acceptable (4),GLO- JET BRIDGE IMPROPER DOCKING,
O19039-26,16/08/2026 12:27,18/08/2026,Open,Logged for Statistics,Acceptable (1),AVA- FUEL QUANTITY DISCREPANCY -400Kg,N562AV
O19037-26,16/08/2026 12:00,18/08/2026,In Progress,Assessment Only,Tolerable (20),AVA- PREMATURE AIRCRAFT DOOR ESCALATOR DISCONNECTION,N284AV
O19187-26,16/08/2026 10:35,19/08/2026,Open,Logged for Statistics,Acceptable (4),LRC- CARGO LOADED WITHOUT REQUIRED CEILING CLEARANCE,N901AV
O19035-26,16/08/2026 10:28,18/08/2026,Open,Logged for Statistics,Acceptable (1),AVA- FUEL QUANTITY DISCREPANCY -400Kg,N960AV
O19030-26,16/08/2026 08:22,18/08/2026,Open,Logged for Statistics,Acceptable (4),AVA- STAIRS IMPROPER DOCKING,HK-5422
O19027-26,16/08/2026 07:50,18/08/2026,Open,Logged for Statistics,Acceptable (4),AVA- STAIRS IMPROPER DOCKING,N4304
O19021-26,16/08/2026 05:40,18/08/2026,Open,Logged for Statistics,Acceptable (1),AVA- FUEL QUANTITY DISCREPANCY -400Kg,N345AV
O19020-26,16/08/2026 05:01,18/08/2026,Open,Logged for Statistics,Acceptable (1),AVA- OVERNIGHT PARKED AIRCRAFT WITH INCOMPLETE CHOCKING CONFIGURATION,N284AV
O19016-26,16/08/2026 02:22,18/08/2026,Open,Logged for Statistics,Acceptable (1),TPA- TRACTOR WITHOUT CHOCKS,
O19018-26,16/08/2026 02:15,18/08/2026,Open,Logged for Statistics,Acceptable (1),TPA- LOOSE CARGO NET HOOK POTENTIAL INTERFERENCE,
O19019-26,16/08/2026 00:22,18/08/2026,Open,Logged for Statistics,Acceptable (1),TPA- LACK OF GROUND EQUIPMEMT AT UIO,N334QT
O19222-26,15/08/2026 23:00,19/08/2026,In Progress,Assessment Only,Acceptable (4),AVA- BAGGAGE DISCREPANCY DUE TO PASSENGER NO SHOW,HK-5408
O18998-26,15/08/2026 20:55,18/08/2026,Open,Logged for Statistics,Acceptable (1),AVA- FUEL QUANTITY DISCREPANCY -400Kg,N207FR
O18997-26,15/08/2026 20:22,18/08/2026,In Progress,Assessment Only,Acceptable (4),AVA- UNAUTHORIZED USE OF ALLIED LADDER FOR CARGO DOOR ACCESS,N799AV
O18991-26,15/08/2026 19:00,18/08/2026,Open,Logged for Statistics,Acceptable (1),AVA- BAGGAGE COMPARTMENT NET UNSECURED,N632AV
O18990-26,15/08/2026 18:05,18/08/2026,Open,Logged for Statistics,Acceptable (1),AVA- AIRCRAFT ABOVE REFUELING INSTRUCTION,N519AV
O19005-26,15/08/2026 16:50,18/08/2026,Open,Logged for Statistics,Acceptable (4),AVA- BIRD STRIKE NO DAMAGE AT MTR,N345AV
O18978-26,15/08/2026 15:39,18/08/2026,Open,Logged for Statistics,Acceptable (4),AVA- CATERING IMPROPER DOCKING,HK-5421
O18979-26,15/08/2026 15:20,18/08/2026,Open,Logged for Statistics,Acceptable (1),AVA- WRONG PROCEDURE PAYMOVER WITHOUT 360 CHECK,N930AV
O18977-26,15/08/2026 15:20,18/08/2026,Open,Logged for Statistics,Acceptable (1),AVA- AIR CONDITIONING UNIT WITHOUT CHOCKS,HK-5421
O18975-26,15/08/2026 12:16,18/08/2026,In Progress,Assessment Only,Acceptable (4),"AVA- FUEL QUANTITY DISCREPANCY &#43,400Kg",HK-5407
O18973-26,15/08/2026 12:08,18/08/2026,Open,Logged for Statistics,Acceptable (1),AVA- FUEL QUANTITY DISCREPANCY -400Kg,N944AV
O19032-26,15/08/2026 12:00,18/08/2026,In Progress,Assessment Only,Acceptable (4),TAI- CARGO LOADSHEET DISCREPANCY,N940AV
O18981-26,15/08/2026 12:00,18/08/2026,Open,Logged for Statistics,Acceptable (4),AVA- EXPIRED FIRE EXTINGUISHER,HK-5368
O18972-26,15/08/2026 11:33,18/08/2026,Open,Logged for Statistics,Acceptable (4),AVA- CARGO CART WITHOUT CHOCKS,N557AV
O18971-26,15/08/2026 10:56,18/08/2026,Open,Logged for Statistics,Acceptable (1),AVA- COMFORT KIT LOADSHEET DISCREPANCY,N742AV
O19008-26,15/08/2026 10:30,18/08/2026,Open,Logged for Statistics,Acceptable (1),AVA- NON COMPLIANCE PRIORITY BAGGAGE HANDLING PROCEDURE,N931AV
O18969-26,15/08/2026 08:32,18/08/2026,Open,Logged for Statistics,Acceptable (1),AVA- EXPIRED FIRE EXTINGUISHER,N745AV
O18960-26,15/08/2026 07:13,18/08/2026,Open,Logged for Statistics,Acceptable (1),AVA- AIRCRAFT WITH INCOMPLETE CHOCKING CONFIGURATION,N818AV
O18959-26,15/08/2026 06:16,18/08/2026,Open,Logged for Statistics,Acceptable (1),AVA- CONVEYOR WITHOUT CHOCKS,N939AV
O18989-26,15/08/2026 06:07,18/08/2026,Open,Logged for Statistics,Acceptable (1),AVA- CARGO CART WITHOUT CHOCKS,N519AV
O18955-26,15/08/2026 05:49,18/08/2026,Open,Logged for Statistics,Acceptable (4),AVA- STAIRS IMPROPER DOCKING,N776AV
O18956-26,15/08/2026 05:33,18/08/2026,Open,Logged for Statistics,Acceptable (1),AVA- MISSING FOD BAG ON CONVEYOR,N4304
O18951-26,15/08/2026 05:04,18/08/2026,Open,Logged for Statistics,Acceptable (1),AVA- FUEL QUANTITY DISCREPANCY -400Kg,N4304
O18948-26,15/08/2026 04:24,18/08/2026,Open,Logged for Statistics,Acceptable (1),AVA- CONVEYOR WITHOUT RUBBER,HK-5406
O18947-26,15/08/2026 03:39,18/08/2026,Open,Logged for Statistics,Acceptable (1),AVA- GROUND EQUIPMENT IMPACT DURING PARKING,N795AV
O19210-26,15/08/2026 02:32,19/08/2026,Open,Logged for Statistics,Acceptable (4),AVA- [DG] HIDDEN DANGEROUS GOODS DETECTED IN INSPECTION AT VVI,N763AV
O18954-26,15/08/2026 01:56,18/08/2026,Open,Logged for Statistics,Acceptable (4),TNO- INCORRECT LOADING OF IMPORT CARGO IN ULD,N338QT
O18927-26,14/08/2026 23:25,18/08/2026,In Progress,Assessment Only,Tolerable (20),AVA- INADEQUATE TOWBAR USED DURING PUSHBACK,N792AV
O18929-26,14/08/2026 23:13,18/08/2026,Open,Logged for Statistics,Acceptable (1),AVA- BAGGAGE COMPARTMENT NET UNSECURED,HK-5353
O19260-26,14/08/2026 22:05,19/08/2026,Open,Logged for Statistics,Acceptable (1),AVA- CARGO NET IMPROPERLY SECURED,N345AV
O18934-26,14/08/2026 20:43,18/08/2026,Open,Logged for Statistics,Acceptable (4),AVA- BIRD STRIKE NO DAMAGE AT CUC,HK-5393
O18916-26,14/08/2026 20:27,18/08/2026,Open,Logged for Statistics,Acceptable (1),AVA- COMFORT KIT LOADSHEET DISCREPANCY,N945AV
O18912-26,14/08/2026 19:28,18/08/2026,Open,Logged for Statistics,Acceptable (4),AVA- IMPROPER BAGGAGE HANDLING AT CTG,N939AV
O18910-26,14/08/2026 18:35,18/08/2026,Open,Logged for Statistics,Acceptable (1),AVA- WRONG PROCEDURE PAYMOVER WITHOUT 360 CHECK,HK-5406
O18911-26,14/08/2026 17:30,18/08/2026,Open,Logged for Statistics,Acceptable (1),AVA- FUEL QUANTITY DISCREPANCY -400Kg,HK-5335
O18901-26,14/08/2026 16:03,18/08/2026,Open,Logged for Statistics,Acceptable (1),AVA- WRONG PROCEDURE PAYMOVER WITHOUT 360 CHECK,HK-5360
O18908-26,14/08/2026 15:29,18/08/2026,Open,Logged for Statistics,Acceptable (1),AVA- LOAD VERIFICATION DELAY DUE TO EARLY CARGO LOADING,N519AV
O18892-26,14/08/2026 14:43,18/08/2026,Open,Logged for Statistics,Acceptable (1),AVA- FUEL QUANTITY DISCREPANCY -400Kg,N195AV
O18889-26,14/08/2026 14:42,18/08/2026,Open,Logged for Statistics,Acceptable (1),AVA- WRONG PROCEDURE PAYMOVER WITHOUT 360 CHECK,HK-5424
O18890-26,14/08/2026 14:23,18/08/2026,Open,Logged for Statistics,Acceptable (4),AVA- STAIRS IMPROPER DOCKING,N195AV
O18887-26,14/08/2026 14:21,18/08/2026,Open,Logged for Statistics,Acceptable (2),GLG- VEHICLE OBSTRUCTION DURING AIRCRAFT PARKING,HC-CJV
O18915-26,14/08/2026 13:38,18/08/2026,Open,Logged for Statistics,Acceptable (4),AVA- BAGGAGE COMPARTMENT NET UNSECURED,HK-5408
O18893-26,14/08/2026 13:38,18/08/2026,Open,Logged for Statistics,Acceptable (4),AVA- GROUND EQUIPMENT IN SAFETY AREA DURING ARRIVAL,N538AV
O19128-26,14/08/2026 12:00,18/08/2026,In Progress,Assessment Only,Acceptable (4),TNO- MULTIPLE SAFETY LOCKS FOUND IN INCORRECT POSITIONS,N337QT
O18923-26,14/08/2026 12:00,18/08/2026,In Progress,Assessment Only,Acceptable (4),AVA- IMPROPER USE OF CONVEYOR BELT,HK-5408
O18907-26,14/08/2026 12:00,18/08/2026,Open,Logged for Statistics,Acceptable (2),AVA- EXPIRED FIRE EXTINGUISHER,N938AV
O18847-26,14/08/2026 12:00,14/08/2026,Open,Logged for Statistics,Acceptable (4),AVA- CARGO LOADED WITHOUT REQUIRED CEILING CLEARANCE,N748AV
O19209-26,14/08/2026 11:05,19/08/2026,Open,Logged for Statistics,Acceptable (1),LRC- BAGGAGE MIXED WITH TRANSFER BAGGAGE,N965AV
O18851-26,14/08/2026 10:36,14/08/2026,Open,Logged for Statistics,Acceptable (1),AVA- COMFORT KIT LOADSHEET DISCREPANCY,N945AV
O18852-26,14/08/2026 10:11,14/08/2026,Open,Logged for Statistics,Acceptable (4),AVA- CARGO LOADED WITHOUT REQUIRED CEILING CLEARANCE,N477AV
O18858-26,14/08/2026 10:01,14/08/2026,Open,Logged for Statistics,Acceptable (1),AVA- BAGGAGE COMPARTMENT NET UNSECURED,HK-5353
O19110-26,14/08/2026 09:30,18/08/2026,Open,Logged for Statistics,Acceptable (1),AVA- CONVETOY IN BAD CONDITIONS,HK-5273
O18914-26,14/08/2026 08:45,18/08/2026,Open,Logged for Statistics,Acceptable (4),AVA- BAGGAGE COMPARTMENT NET UNSECURED,HC-CTX
O19173-26,14/08/2026 08:44,19/08/2026,Open,Logged for Statistics,Acceptable (4),TNO- BIRD STRIKE NO DAMAGE AT NLU,N338QT
O18838-26,14/08/2026 05:15,14/08/2026,Open,Logged for Statistics,Acceptable (2),AVA- EXPIRED FIRE EXTINGUISHER,N281AV
O19059-26,13/08/2026 23:15,18/08/2026,Open,Logged for Statistics,Acceptable (1),AVA- CARGO COMPARTMENT NET UNSECURED,N780AV
O19223-26,13/08/2026 23:00,19/08/2026,In Progress,Assessment Only,Acceptable (4),AVA- BAGGAGE DISCREPANCY DURING CHECK IN,N230AC
O18939-26,13/08/2026 21:52,18/08/2026,Open,Logged for Statistics,Acceptable (1),AVA- BAGGAGE COMPARTMENT NET UNSECURED,N519AV
O18825-26,13/08/2026 20:18,14/08/2026,Open,Logged for Statistics,Acceptable (4),TPA- INCORRECT AIRCRAFT POSITIONING DURING PARKING,N334QT
O18823-26,13/08/2026 20:16,14/08/2026,Open,Logged for Statistics,Acceptable (1),AVA- AIRCRAFT WITH INCOMPLETE CHOCKING CONFIGURATION,N728AV
O18824-26,13/08/2026 19:35,14/08/2026,Open,Logged for Statistics,Acceptable (1),AVA- WRONG PROCEDURE PAYMOVER WITHOUT 360 CHECK,HK-5368
O18812-26,13/08/2026 17:06,14/08/2026,Open,Logged for Statistics,Acceptable (1),AVA- FUEL QUANTITY DISCREPANCY -400Kg,N206FR
O18813-26,13/08/2026 17:02,14/08/2026,Open,Logged for Statistics,Acceptable (1),AVA- CATERING VEHICLE INCORRECT AIRCRAFT DOCKING DISTANCE,N950AV
O18902-26,13/08/2026 16:26,18/08/2026,Open,Logged for Statistics,Acceptable (1),AVA- BAGGAGE ARRIVING IN POOR CONDITION,N906AV
O18809-26,13/08/2026 15:32,14/08/2026,Open,Logged for Statistics,Acceptable (1),AVA- AIRCRAFT WITH INCOMPLETE CHOCKING CONFIGURATION,HK-5388
O18796-26,13/08/2026 15:30,14/08/2026,Open,Logged for Statistics,Acceptable (1),AVA- FUEL QUANTITY DISCREPANCY -400Kg,HK-5360
O19007-26,13/08/2026 14:51,18/08/2026,Open,Logged for Statistics,Acceptable (1),AVA- PASSENGERS CHECKED IN FOR INCORRECT FLIGHT DATE,HK-5389
O18798-26,13/08/2026 14:48,14/08/2026,Open,Logged for Statistics,Acceptable (4),AVA- LOAD DISCREPANCY DURING CARGO UNLOADING,HK-5389
O18791-26,13/08/2026 14:37,14/08/2026,Open,Logged for Statistics,Acceptable (1),AVA- WRONG PROCEDURE PAYMOVER WITHOUT 360 CHECK,N954AV
O18943-26,13/08/2026 14:15,18/08/2026,Open,Logged for Statistics,Acceptable (1),AVA- POOR COMMUNICATION CARGO BRIEFING,N538AV
O18810-26,13/08/2026 14:11,14/08/2026,Open,Logged for Statistics,Acceptable (1),AVA- AIRCRAFT WITH INCOMPLETE CHOCKING CONFIGURATION,HK-5424
O18793-26,13/08/2026 13:49,14/08/2026,Open,Logged for Statistics,Acceptable (4),AVA- STAIRS IMPROPER DOCKING,N954AV
O18792-26,13/08/2026 13:40,14/08/2026,Open,Logged for Statistics,Acceptable (1),AVA- AIRCRAFT WITH INCOMPLETE CHOCKING CONFIGURATION,N954AV
O18788-26,13/08/2026 13:25,14/08/2026,Open,Logged for Statistics,Acceptable (4),AVA- STAIRS IMPROPER DOCKING,N950AV
O18794-26,13/08/2026 13:15,14/08/2026,Open,Logged for Statistics,Acceptable (1),AVA- FUEL QUANTITY DISCREPANCY -400Kg,N4304
O19208-26,13/08/2026 13:10,19/08/2026,In Progress,Assessment Only,Acceptable (4),AVA- BAGGAGE POSITIONING ERROR,HK-5424
O18780-26,13/08/2026 13:10,13/08/2026,Open,Logged for Statistics,Acceptable (4),AVA- CARGO LOADED WITHOUT REQUIRED CEILING CLEARANCE,HK-5424
O18778-26,13/08/2026 13:04,13/08/2026,In Progress,Assessment Only,Acceptable (4),AVA- BAGGAGE POSITIONING ERROR,HK-5424
O18771-26,13/08/2026 13:02,13/08/2026,Open,Logged for Statistics,Acceptable (1),AVA- DAMAGED SAFETY CONES,HK-5367
O18854-26,13/08/2026 13:01,14/08/2026,Open,Logged for Statistics,Acceptable (1),GLG- [DG] DANGEROUS GOODS DETECTION IN INSPECTION AT GYE,HC-CJW
O18769-26,13/08/2026 12:57,13/08/2026,Open,Logged for Statistics,Acceptable (1),AVA- AIRCRAFT WITH INCOMPLETE CHOCKING CONFIGURATION,HK-5368
O18764-26,13/08/2026 12:48,13/08/2026,Open,Logged for Statistics,Acceptable (1),AVA- BAGGAGE COMPARTMENT NET UNSECURED,N957AV
O18941-26,13/08/2026 10:10,18/08/2026,Open,Logged for Statistics,Acceptable (1),GLG- BAGGAGE DISCREPANCY DURING LOADING AT DEPARTURE,N940AV
O18859-26,13/08/2026 10:10,14/08/2026,Open,Logged for Statistics,Acceptable (1),GLG- BAGGAGE DISCREPANCY DURING LOADING PHASE,N940AV
O18766-26,13/08/2026 10:05,13/08/2026,Open,Logged for Statistics,Acceptable (4),AVA- CARGO NETS IMPROPERLY SECURED,N599AV
O18755-26,13/08/2026 08:43,13/08/2026,Open,Logged for Statistics,Acceptable (1),AVA- EQUIPMENT MOVED UNDER AIRCRAFT WING,HK-5407
O18835-26,13/08/2026 07:33,14/08/2026,Open,Logged for Statistics,Acceptable (1),AVA- POTENTIAL RESTRICTION OF BRACHYCEPHALIC DOG CARGO TRANSPORTATION,N902AV
O18742-26,13/08/2026 06:20,13/08/2026,Open,Logged for Statistics,Acceptable (1),AVA- INCOMPLETE MARSHALLING DURING AIRCRAFT PARKING,N741AV
O18900-26,13/08/2026 04:00,18/08/2026,Open,Logged for Statistics,Acceptable (1),AVA- BAGGAGE COMPARTMENT NET UNSECURED,N946AV
O18735-26,13/08/2026 00:00,13/08/2026,Open,Logged for Statistics,Acceptable (1),AVA- DAMAGED MARSHALLING WANDS,N906AV
O18739-26,12/08/2026 23:26,13/08/2026,Open,Logged for Statistics,Acceptable (1),TPA- INSUFFICIENT GROUND PERSONNEL FOR LOADING OPERATION,N338QT
O18734-26,12/08/2026 23:22,13/08/2026,Open,Logged for Statistics,Acceptable (1),AVA- STAIR IMPROPER DOCKING,HK-5352
O18759-26,12/08/2026 22:41,13/08/2026,Open,Logged for Statistics,Acceptable (1),AVA- WRONG PROCEDURE PAYMOVER WITHOUT 360 CHECK,N691AV
O18731-26,12/08/2026 21:11,13/08/2026,Open,Logged for Statistics,Acceptable (1),AVA- INCORRECT OR MISSING CONES,N422AV
O18730-26,12/08/2026 21:07,13/08/2026,Open,Logged for Statistics,Acceptable (1),AVA- A/C INCORRECT CONING,N422AV
O18727-26,12/08/2026 19:08,13/08/2026,Open,Logged for Statistics,Acceptable (4),AVA- JET BRIDGE CONTACT WITH AIRCRAFT FUSELAGE,N958AV
O18726-26,12/08/2026 18:16,13/08/2026,Open,Logged for Statistics,Acceptable (4),AVA- CARGO LOADED WITHOUT REQUIRED CEILING CLEARANCE,N762AV
O18724-26,12/08/2026 15:58,13/08/2026,Open,Logged for Statistics,Acceptable (1),AVA- WRONG PROCEDURE PAYMOVER WITHOUT 360 CHECK,N906AV
O18751-26,12/08/2026 15:00,13/08/2026,Open,Logged for Statistics,Acceptable (1),AVA- AIR CONDITIONING UNIT IN BAD CONDITIONS,N726AV
O18721-26,12/08/2026 14:10,13/08/2026,Open,Logged for Statistics,Acceptable (4),AVA- UNMONITORED AIRCRAFT FUELING OPERATION,N195AV
O18729-26,12/08/2026 12:28,13/08/2026,Open,Logged for Statistics,Acceptable (1),AVA- RESOURCE LIMITATION AT SCY,
O18684-26,12/08/2026 12:00,13/08/2026,In Progress,Assessment Only,Acceptable (4),AVA- GPU FAILURE AFFECTING AIRCRAFT SYSTEMS,N764AV
O18693-26,12/08/2026 11:49,13/08/2026,Open,Logged for Statistics,Acceptable (4),AVA- BAG FOUND OUTSIDE SAFETY NET,N960AV
O18703-26,12/08/2026 10:47,13/08/2026,Open,Logged for Statistics,Acceptable (1),AVA- COMFORT KIT LOADSHEET DISCREPANCY,N562AV
O18687-26,12/08/2026 10:43,13/08/2026,Open,Logged for Statistics,Acceptable (1),AVR- BAGGAGE COMPARTMENT NET UNSECURED,N724AV
O18705-26,12/08/2026 10:42,13/08/2026,Open,Logged for Statistics,Acceptable (4),AVA- CARGO LOADED WITHOUT REQUIRED CEILING CLEARANCE,N562AV
O18717-26,12/08/2026 10:20,13/08/2026,Open,Logged for Statistics,Acceptable (4),AVA- UNSAFE FUELING DUE TO CELL PHONE USE BY AVIANCA STAFF,N723AV
O18699-26,12/08/2026 09:55,13/08/2026,Open,Logged for Statistics,Acceptable (1),AVA- PALLET FALL OUTSIDE SAFETY AREA,HC-CJV
O18678-26,12/08/2026 08:23,13/08/2026,Open,Logged for Statistics,Acceptable (1),AVA- IMPROPER HANDLING OF FRAGILE CARGO,N426AV
O18683-26,12/08/2026 07:52,13/08/2026,Open,Logged for Statistics,Acceptable (1),AVA- BAGGAGE COMPARTMENT NET UNSECURED,N632AV
O18675-26,12/08/2026 07:25,13/08/2026,Open,Logged for Statistics,Acceptable (4),GLG- REFUELING DURING BOARDING WITHOUT REAR STAIRS,HC-CRU
O18680-26,12/08/2026 07:24,13/08/2026,Open,Logged for Statistics,Acceptable (2),AVA- DISCHARGED FIRE EXTINGUISHER ON PAYMOVER EQUIPMENT,HK-5409
O18670-26,12/08/2026 07:00,13/08/2026,Open,Logged for Statistics,Acceptable (1),AVA- WHEELCHAIR ASSISTANCE EQUIPMENT MISLABELING,N780AV
O18692-26,12/08/2026 06:54,13/08/2026,Open,Logged for Statistics,Acceptable (1),AVA- INCORRECT AIRCRAFT POSITIONING DURING PARKING,N776AV
O18676-26,12/08/2026 06:51,13/08/2026,Open,Logged for Statistics,Acceptable (1),AVA- FUEL QUANTITY DISCREPANCY -400Kg,HK-5390
O18673-26,12/08/2026 06:28,13/08/2026,Open,Logged for Statistics,Acceptable (4),AVA- BOARDING STAIRS IMPROPER DOCKING,HK-5390
O18688-26,12/08/2026 05:50,13/08/2026,Open,Logged for Statistics,Acceptable (4),AVA- APU IN BAD CONDITIONS,HK-5368
O18671-26,12/08/2026 05:30,13/08/2026,Open,Logged for Statistics,Acceptable (4),AVA- CONVEYOR IMPROPER DOCKING,N793AV
O18672-26,12/08/2026 05:20,13/08/2026,Open,Logged for Statistics,Acceptable (4),AVA- SAFETY DIAMOND ENTRY BEFORE BEACON DEACTIVATION,N763AV
O18669-26,12/08/2026 04:22,13/08/2026,Open,Logged for Statistics,Acceptable (4),AVA- JET BRIDGE CONTACT WITH AIRCRAFT FUSELAGE,N956AV
O18836-26,12/08/2026 02:24,14/08/2026,In Progress,Assessment Only,Acceptable (4),TNO- POSSIBLE INCORRECT RAP LOCKING DURING OFFLOAD,N338QT
O18707-26,11/08/2026 21:45,13/08/2026,Open,Logged for Statistics,Acceptable (1),AVA- PAYMOVER IN BAD CONDITIONS,N906AV
O18662-26,11/08/2026 21:06,13/08/2026,Open,Logged for Statistics,Acceptable (4),AVA- CARGO LOADED WITHOUT REQUIRED CEILING CLEARANCE,N562AV
O18663-26,11/08/2026 20:58,13/08/2026,Open,Logged for Statistics,Acceptable (1),AVA- COMFORT KIT LOADSHEET DISCREPANCY,N562AV
O18666-26,11/08/2026 20:44,13/08/2026,Open,Logged for Statistics,Acceptable (4),AVA- JETBRIDGE PROTECTIVE RUBBER CONTACT WITH AIRCRAFT FUSELAGE,N253AC
O18679-26,11/08/2026 20:30,13/08/2026,In Progress,Assessment Only,Acceptable (4),AVA- GROUND EQUIPMENT HOSE COUPLING DETACHMENT,N230AC
O18660-26,11/08/2026 20:18,13/08/2026,Open,Logged for Statistics,Acceptable (1),AVA- WRONG GRN PROCEDURE FM MOBILE SIGN IN RAMP AT BOG,N345AV
O18659-26,11/08/2026 20:14,13/08/2026,Open,Logged for Statistics,Acceptable (1),AVA- WRONG FUEL QUANTITY -400KG,N207FR
O18667-26,11/08/2026 17:54,13/08/2026,Open,Logged for Statistics,Acceptable (1),AVA- BAGGAGE COMPARTMENT NET UNSECURED,N963AV
O18653-26,11/08/2026 17:14,13/08/2026,Open,Logged for Statistics,Acceptable (1),AVA- BAGGAGE COMPARTMENT NET UNSECURED,N992AV
O18658-26,11/08/2026 17:09,13/08/2026,Open,Logged for Statistics,Acceptable (1),AVA- WRONG CARGO HANDLING,N599AV
O18665-26,11/08/2026 17:04,13/08/2026,In Progress,Assessment Only,Acceptable (4),GLG- CARGO DROPPED DURING UNLOADING,HC-CJW
O18652-26,11/08/2026 16:42,13/08/2026,Open,Logged for Statistics,Acceptable (2),AVA- GSE IMPROPERLY CHOCKED,HK-5409
O18785-26,11/08/2026 16:17,14/08/2026,Open,Logged for Statistics,Acceptable (1),AVA- BAGGAGE DAMAGE AT AIRPORT ARRIVAL,HK-5388
O18773-26,11/08/2026 16:17,13/08/2026,Open,Logged for Statistics,Acceptable (2),AVA- BAGGAGE DAMAGE AT AIRPORT GRU,HK-5388
O18650-26,11/08/2026 14:05,13/08/2026,Open,Logged for Statistics,Acceptable (4),AVA- IMPROPER STAIRS WAYS COUPLING TO AIRCRAFT FUSELAGE,N411AV
O18645-26,11/08/2026 12:21,12/08/2026,Open,,Acceptable (4),LRC- JET BRIDGE A1 MALFUNCTION DURING PUSHBACK PREPARATION AT SJO,N689TA
O18642-26,11/08/2026 12:08,12/08/2026,Open,Logged for Statistics,Acceptable (1),AVA- BAGGAGE HANDLING UNDER AIRCRAFT FUSELAGE,N992AV
O18641-26,11/08/2026 12:00,12/08/2026,Open,Logged for Statistics,Acceptable (4),AVA- EXTERNAL GORUND POWER UNIT FAILURE AT,N206FR
O18640-26,11/08/2026 12:00,12/08/2026,Open,Logged for Statistics,Acceptable (4),GLG- PASSENGER IN SAFETY ZONE DURING DISEMBARKATION,HC-CJV
O18634-26,11/08/2026 10:50,12/08/2026,Open,Logged for Statistics,Acceptable (4),AVA- JET WAY IMPROPER DOCKING,N741AV
O18616-26,11/08/2026 10:46,12/08/2026,Open,Logged for Statistics,Acceptable (1),GLG- ACU WITHOUT CHOCKS,HC-CJV
O18615-26,11/08/2026 10:36,12/08/2026,Open,Logged for Statistics,Acceptable (1),AVA- WRONG PROCEDURE PAYMOVER WITHOUT 360 CHECK,HK-5422
O18613-26,11/08/2026 10:35,12/08/2026,Open,Logged for Statistics,Acceptable (1),TAI- JET BRIDGE INOPERATIVE,
O18608-26,11/08/2026 08:31,12/08/2026,Open,Logged for Statistics,Acceptable (1),AVA- WRONG PROCEDURE PAYMOVER WITHOUT 360 CHECK,N967AV
O18607-26,11/08/2026 08:10,12/08/2026,In Progress,Assessment Only,Acceptable (4),AVA- VEHICLE CROSSING BEHIND AIRCRAFT WITH BEACON ACTIVATED,HK-5335
O18605-26,11/08/2026 07:38,12/08/2026,Open,Logged for Statistics,Acceptable (1),AVA- CONVEYOR WITHOUT RUBBER,N743AV
O18604-26,11/08/2026 07:22,12/08/2026,Open,Logged for Statistics,Acceptable (1),AVA- AIRCRAFT WITH INCOMPLETE CHOCKING CONFIGURATION,HK-5378
O18603-26,11/08/2026 07:05,12/08/2026,Open,Logged for Statistics,Acceptable (1),AVA- EXPIRED FIRE EXTINGUISHER,HK-5388
O18601-26,11/08/2026 06:14,12/08/2026,Open,Logged for Statistics,Acceptable (1),AVA- STAIRS IMPROPER DOCKING,N411AV
O18600-26,11/08/2026 06:02,12/08/2026,Open,Logged for Statistics,Acceptable (1),AVA- BAGGAGE COMPARTMENT NET UNSECURED,N943AV
O18626-26,11/08/2026 05:48,12/08/2026,Open,Logged for Statistics,Acceptable (1),AVA- BAGGAGE COMPARTMENT NET UNSECURED,N519AV
O18599-26,11/08/2026 05:35,12/08/2026,Open,Logged for Statistics,Acceptable (1),AVA- MISSING CONES,N284AV
O18597-26,11/08/2026 04:25,12/08/2026,Open,Logged for Statistics,Acceptable (1),AVA- OVERNIGHT PARKED AIRCRAFT WITH INCOMPLETE CHOCKING CONFIGURATION,N959AV
O18596-26,11/08/2026 04:10,12/08/2026,Open,Logged for Statistics,Acceptable (1),AVA- OVERNIGHT PARKED AIRCRAFT WITH INCOMPLETE CHOCKING CONFIGURATION,N230AC
O18593-26,11/08/2026 02:44,12/08/2026,Open,Logged for Statistics,Acceptable (4),AVA- CARGO LOADED WITHOUT REQUIRED CEILING CLEARANCE,N726AV
O18592-26,11/08/2026 01:59,12/08/2026,Open,,Acceptable (4),LRC- CABIN CREW AND CATERING SERVICE ONBOARD WITH PASSENGERS AT JFK,N902AV
O18591-26,10/08/2026 22:18,12/08/2026,Open,Logged for Statistics,Acceptable (4),TAI- BIRD STRIKE NO DAMAGE AT SAL,N632AV
O18589-26,10/08/2026 21:45,12/08/2026,Open,Logged for Statistics,Acceptable (1),AVA- WRONG PROCEDURE PAYMOVER WITHOUT 360 CHECK,HK-5378
O18588-26,10/08/2026 21:45,12/08/2026,Open,Logged for Statistics,Acceptable (4),AVA- CARGO LOADED WITHOUT REQUIRED CEILING CLEARANCE,HK-5409
O18582-26,10/08/2026 20:48,12/08/2026,In Progress,Assessment Only,Acceptable (4),AVA- UNAUTHORIZED FUELING DURING PASSENGER DISEMBARKATION,N724AV
O18566-26,10/08/2026 20:15,12/08/2026,Open,Logged for Statistics,Acceptable (4),GLG- [DG] UNDECLARED DANGEROUS GOODS DETECTED IN PASSENGER BAGGAGE,HC-CRU
O18562-26,10/08/2026 19:34,12/08/2026,Open,Logged for Statistics,Acceptable (1),AVA- STAIRS IN BAD CONDITIONS,HK-5319
O18561-26,10/08/2026 19:00,12/08/2026,Open,Logged for Statistics,Acceptable (4),AVA- CARGO LOADED WITHOUT REQUIRED CEILING CLEARANCE,N253AC
O18557-26,10/08/2026 17:50,12/08/2026,Open,Logged for Statistics,Acceptable (1),AVA- AIRCRAFT WITH INCOMPLETE CHOCKING CONFIGURATION,N411AE
O18320-26,10/08/2026 17:36,10/08/2026,Open,Logged for Statistics,Acceptable (4),AVA- STAIRS WITHOUT CHOCKS,N937AV
O18321-26,10/08/2026 17:30,10/08/2026,Open,Logged for Statistics,Acceptable (4),AVA- INCORRECT AIRCRAFT POSITIONING DURING PARKING,N557AV
O18322-26,10/08/2026 16:39,10/08/2026,Open,Logged for Statistics,Acceptable (1),AVA- CONVEYOR WITHOUT CHOCKS,N937AV
O18548-26,10/08/2026 15:00,12/08/2026,In Progress,Assessment Only,Acceptable (4),LRC- BAGGAGE UNSECURED DISCREPANCY IN RAMP AT ORD,N799AV
O18284-26,10/08/2026 13:39,10/08/2026,Open,Logged for Statistics,Acceptable (1),GLG- FUEL QUANTITY DISCREPANCY -400Kg,N775AV
O18624-26,10/08/2026 12:01,12/08/2026,Open,Logged for Statistics,Acceptable (1),AVA- PASSENGER DISCREPANCY AT CUZ,HK-5368
O18531-26,10/08/2026 12:00,12/08/2026,Open,Logged for Statistics,Acceptable (2),AVA- GROUND POWER UNIT ELECTRICAL FAILURE DURING AIRCRAFT TRANSIT,N954AV
O18527-26,10/08/2026 11:13,12/08/2026,Open,Logged for Statistics,Acceptable (1),GLG- [DG] UNLABELED ALCOHOL BOTTLE DETECTED IN BAGGAGE INSPECTION AT GPS,HC-CJV
O18280-26,10/08/2026 09:58,10/08/2026,Open,Logged for Statistics,Acceptable (4),GLG- [DG] INCORRECT LOADING OF RADIOACTIVE CARGO,HC-CJV
O19217-26,10/08/2026 09:53,19/08/2026,Open,Logged for Statistics,Acceptable (1),AVA- BAGGAGE DISCREPANCY AT MIA,N411AV
O18279-26,10/08/2026 09:30,10/08/2026,Open,Logged for Statistics,Acceptable (1),AVA- FUEL QUANTITY DISCREPANCY -400Kg,N992AV
O18278-26,10/08/2026 09:05,10/08/2026,Open,Logged for Statistics,Acceptable (1),TPA- FUEL LEAK FROM AIRCRAFT ENGINE PALLET ON RAMP,N330QT
O18533-26,10/08/2026 09:00,12/08/2026,In Progress,Assessment Only,Acceptable (4),LRC- PAX DISCREPANCY AT GUA,N934AG
O18277-26,10/08/2026 08:56,10/08/2026,Open,Logged for Statistics,Acceptable (1),AVA- STAIRS APPROACH WITHOUT GUIDE MAN,N992AV
O18522-26,10/08/2026 08:30,12/08/2026,In Progress,Assessment Only,Tolerable (20),TAI- TOWBAR SHEAR PIN BROKEN DURING PUSHBACK AT SAP,N538AV
O18276-26,10/08/2026 08:26,10/08/2026,Open,Logged for Statistics,Acceptable (4),AVA- FUEL QUANTITY DISCREPANCY -400Kg,HK-5395
O18275-26,10/08/2026 07:30,10/08/2026,Open,Logged for Statistics,Acceptable (1),TAI- RESOURCE LIMITATION AT SAL,N426AV
O18274-26,10/08/2026 07:02,10/08/2026,Open,Logged for Statistics,Acceptable (1),AVA- STAIRS APPROACH WITHOUT GUIDE MAN,N401AV
O18273-26,10/08/2026 06:30,10/08/2026,In Progress,Assessment Only,Acceptable (4),AVA- GPU FAILURE AFFECTING AIRCRAFT SYSTEMS,N195AV
O18272-26,10/08/2026 06:00,10/08/2026,Open,Logged for Statistics,Acceptable (1),GLG- RESOURCE LIMITATION AT MEC,HC-CSF
O18271-26,10/08/2026 04:04,10/08/2026,Open,Logged for Statistics,Acceptable (4),PML- INCORRECT MARSHALLING,
O18270-26,10/08/2026 03:56,10/08/2026,Open,Assessment Only,Acceptable (4),AVA- FUELING PROVIDER DISCREPANCY,N762AV
O18265-26,10/08/2026 02:18,10/08/2026,Open,Logged for Statistics,Acceptable (4),AVA- CARGO LOADED WITHOUT REQUIRED CEILING CLEARANCE,HK-5378
O18262-26,09/08/2026 22:00,10/08/2026,Open,Assessment Only,Acceptable (4),"AVA- FUELING PROVIDER DISCREPANCY &#43,200Kg",N4304
O18261-26,09/08/2026 20:19,10/08/2026,Open,Logged for Statistics,Acceptable (1),AVA- COMFORT KIT LOADSHEET DISCREPANCY,HK-5422
O18260-26,09/08/2026 20:03,10/08/2026,Open,Logged for Statistics,Acceptable (1),AVA- FUEL QUANTITY DISCREPANCY -400Kg,N398AV
O18508-26,09/08/2026 20:00,12/08/2026,Open,Logged for Statistics,Acceptable (1),TAI- BAGGAGE OVERFLEW,N943AV
O18259-26,09/08/2026 19:35,10/08/2026,Open,Assessment Only,Acceptable (4),AVA- UNSAFE FUELING DUE TO CELL PHONE USE BY FUEL STAFF,HK-5318
O18258-26,09/08/2026 19:30,10/08/2026,Open,Logged for Statistics,Acceptable (4),TPA- INCORRECT AIRCRAFT POSITIONING DURING PARKING,N331QT
O18257-26,09/08/2026 18:56,10/08/2026,Open,Logged for Statistics,Acceptable (1),AVA- BAGGAGE COMPARTMENT NET UNSECURED,N955AV
O18254-26,09/08/2026 18:00,10/08/2026,Open,Logged for Statistics,Acceptable (1),AVA- STAIR WAY APPROACH WITHOUT GUIDE MAN,N345AV
O18252-26,09/08/2026 16:00,10/08/2026,Open,Logged for Statistics,Acceptable (1),AVA- AIRCRAFT WITH INCOMPLETE CHOCKING CONFIGURATION,N920CG
O18249-26,09/08/2026 12:30,10/08/2026,Open,Logged for Statistics,Acceptable (1),AVA- MISSING CONES CATERING,HK-5408
O18630-26,09/08/2026 12:28,12/08/2026,Open,Logged for Statistics,Acceptable (1),PLM- BAGGAGE COMPARTMENT NET UNSECURED,
O18243-26,09/08/2026 12:15,10/08/2026,Open,Logged for Statistics,Acceptable (1),AVA- AIRCRAFT WITH INCOMPLETE CHOCKING CONFIGURATION,N764AV
O18247-26,09/08/2026 12:00,10/08/2026,Open,Logged for Statistics,Acceptable (1),TAI- PASSENGER MULTITOOL KNIFE SEIZED AT SECURITY CHECKPOINT,N904AV
O18239-26,09/08/2026 12:00,10/08/2026,In Progress,Full Investigation,Tolerable (20),AVA- FISSURE DETECTED ON RIGHT FUSELAGE SKIN DURING WALK AROUND,N745AV
O18237-26,09/08/2026 12:00,10/08/2026,Open,Logged for Statistics,Acceptable (1),TAI- BAGGAGE OVERFLEW,N943AV
O18234-26,09/08/2026 12:00,10/08/2026,Open,Logged for Statistics,Acceptable (1),TPA- INCORRECT PALLET LOADING SEQUENCE DURING LOWER CARGO LOADING,N335QT
O18233-26,09/08/2026 12:00,10/08/2026,In Progress,Full Investigation,Tolerable (20),TAI- UNCOMMANDED AIRCRAFT MOVEMENT DURING PUSHBACK,N451AV
O18629-26,09/08/2026 11:44,12/08/2026,Open,Logged for Statistics,Acceptable (1),AVA- DAMAGED CARGO DURING UNLOADING AT PARKING,N793AV
O18501-26,09/08/2026 11:40,12/08/2026,Open,Logged for Statistics,Acceptable (2),GLG- LIQUID SPILL IN BAGGAGE,HC-CSF
O18231-26,09/08/2026 10:30,10/08/2026,Open,Logged for Statistics,Acceptable (4),AVA- CARGO LOADED WITHOUT REQUIRED CEILING CLEARANCE,N422AV
O18230-26,09/08/2026 10:24,10/08/2026,Open,Logged for Statistics,Acceptable (1),AVA- COMFORT KIT LOADSHEET DISCREPANCY,HK-5422
O18225-26,09/08/2026 09:36,10/08/2026,Open,Logged for Statistics,Acceptable (1),AVA- BAGGAGE COMPARTMENT NET UNSECURED,N755AV
O18500-26,09/08/2026 09:30,12/08/2026,Open,Logged for Statistics,Acceptable (2),AVA- IMPROPER CARGO STOWAGE IN HOLD,HC-CRU
O18224-26,09/08/2026 09:00,10/08/2026,Open,Logged for Statistics,Acceptable (1),AVA- BAGGAGE COMPARTMENT NET UNSECURED,N728AV
O18221-26,09/08/2026 07:15,10/08/2026,Open,Logged for Statistics,Acceptable (4),AVA- STAIRS IMPROPER DOCKING,HK-5423
O18623-26,09/08/2026 06:04,12/08/2026,Open,Logged for Statistics,Acceptable (4),AVA- CARGO LOADED WITHOUT REQUIRED CEILING CLEARANCE,N950AV
O18219-26,09/08/2026 05:28,10/08/2026,Open,Logged for Statistics,Acceptable (1),AVA- AIRCRAFT WITH INCOMPLETE CHOCKING CONFIGURATION,N426AV
O18218-26,09/08/2026 04:25,10/08/2026,Open,Logged for Statistics,Acceptable (1),AVA- OVERNIGHT PARKED AIRCRAFT WITH INCOMPLETE CHOCKING CONFIGURATION,N230AC
O18214-26,08/08/2026 23:50,10/08/2026,Open,Logged for Statistics,Acceptable (4),TPA- CARGO LOADER IN BAD CONDITIONS,N337QT
O18246-26,08/08/2026 22:00,10/08/2026,Open,Logged for Statistics,Acceptable (1),AVA- PASSENGER DISCREPANCY AT LHR,N796AV
O18212-26,08/08/2026 20:37,10/08/2026,Open,Logged for Statistics,Acceptable (1),AVA- AIRCRAFT WITH INCOMPLETE CHOCKING CONFIGURATION,N557AV
O18210-26,08/08/2026 20:25,10/08/2026,Open,Logged for Statistics,Acceptable (4),AVA- CARGO LOADED WITHOUT REQUIRED CEILING CLEARANCE,N958AV
O18208-26,08/08/2026 19:49,10/08/2026,Open,Logged for Statistics,Acceptable (1),GLG- CONVEYOR IN BAD CONDITIONS,HC-CRU
O18200-26,08/08/2026 16:25,10/08/2026,Open,Logged for Statistics,Acceptable (1),GLG- BAGGAGE OVERFLEW,N964AV
O18199-26,08/08/2026 16:22,10/08/2026,Open,Logged for Statistics,Acceptable (1),AVA- CARGO NETS NOT SECURED UPON ARRIVAL,N821AV
O18195-26,08/08/2026 15:50,10/08/2026,Open,Logged for Statistics,Acceptable (1),AVA- BAGGAGE DISCREPANCY WITH OPEN SUITCASE AT ARRIVAL,N932AV
O18190-26,08/08/2026 13:35,10/08/2026,Open,Logged for Statistics,Acceptable (1),AVA- BAGGAGE COMPARTMENT NET UNSECURED,N411AE
O18187-26,08/08/2026 12:35,10/08/2026,Open,Logged for Statistics,Acceptable (1),AVA- BAGGAGE COMPARTMENT NET UNSECURED,N748AV
O18184-26,08/08/2026 12:12,10/08/2026,In Progress,Assessment Only,Acceptable (4),AVA- FOD DETECTED ON AIRCRAFT SURFACE DURING 360 DEGREE CHECK,N763AV
O18183-26,08/08/2026 12:03,10/08/2026,Open,Logged for Statistics,Acceptable (2),AVA- BELT LOADER WITHOUT CHOCKS,HK-5319
O18174-26,08/08/2026 10:26,10/08/2026,Open,Logged for Statistics,Acceptable (1),AVA- COMFORT KIT LOADSHEET DISCREPANCY,N958AV
O18173-26,08/08/2026 10:14,10/08/2026,Open,Logged for Statistics,Acceptable (2),AVA- CARGO NET ISSUE AND BAGGAGE OVERHEIGHT,N958AV
O18171-26,08/08/2026 09:04,10/08/2026,Open,Logged for Statistics,Acceptable (1),AVA- CONVEYOR CHECK WITHOUT FOD BAG,N599AV
O18166-26,08/08/2026 08:11,10/08/2026,Open,Logged for Statistics,Acceptable (1),AVA- WRONG PROCEDURE PAYMOVER WITHOUT 360 CHECK,N956AV
O18165-26,08/08/2026 08:10,10/08/2026,Open,Logged for Statistics,Acceptable (2),AVA- EXPIRED FIRE EXTINGUISHER,N948AV
O18163-26,08/08/2026 07:31,10/08/2026,Open,Logged for Statistics,Acceptable (1),AVA- BAGGAGE COMPARTMENT NET UNSECURED,N411AV
O18162-26,08/08/2026 07:02,10/08/2026,Open,Logged for Statistics,Acceptable (1),GLO- INADEQUATE BAGGAGE SEGREGATION,
O18161-26,08/08/2026 06:52,10/08/2026,Open,Logged for Statistics,Acceptable (1),AVA- UNSAFE ACT OF OPERATIONAL PROCESSES,HK-5409
O18159-26,08/08/2026 06:00,10/08/2026,Open,Logged for Statistics,Acceptable (4),AVA- IMPROPER GPU CONNECTION AT BOG,N207FR
O18157-26,08/08/2026 05:48,10/08/2026,Open,Logged for Statistics,Acceptable (4),AVA- PAYMOVER OPERATING WITH A REJECTED CHECKLIST,HK-5407
O18155-26,08/08/2026 04:10,10/08/2026,Open,Logged for Statistics,Acceptable (1),AVA- FUELING PROVIDER DISCREPANCY -400Kg,N741AV
O18154-26,08/08/2026 04:09,10/08/2026,Open,Logged for Statistics,Acceptable (4),CSB- CARGOLOADER APPROACH WITHOUT GUIDE MAN,
O18153-26,08/08/2026 04:08,10/08/2026,Open,Logged for Statistics,Acceptable (1),CSB- INSUFFICIENT RAMP PERSONNEL,
O18151-26,08/08/2026 01:33,10/08/2026,Open,Logged for Statistics,Acceptable (1),AVA- AIRCRAFT WITH INCOMPLETE CHOCKING CONFIGURATION,HC-CJV
O18144-26,07/08/2026 23:20,10/08/2026,Open,Logged for Statistics,Acceptable (1),AVA- WRONG PROCEDURE PAYMOVER WITHOUT 360 CHECK,N931AV
O18135-26,07/08/2026 20:38,10/08/2026,Open,Logged for Statistics,Acceptable (1),AVA- MISSING FOD BAG ON CONVEYOR,HK-5361
O18134-26,07/08/2026 20:10,10/08/2026,Open,Logged for Statistics,Acceptable (1),AVA- NON COMPLIANCE PRIORITY BAGGAGE HANDLING PROCEDURE,HK-5335
O18132-26,07/08/2026 19:38,10/08/2026,Open,Logged for Statistics,Acceptable (4),AVA- CARGO LOADED WITHOUT REQUIRED CEILING CLEARANCE,N862AV
O18130-26,07/08/2026 19:07,10/08/2026,In Progress,Full Investigation,Tolerable (20),AVA- PUSHBACK BAR RELEASED DURING PUSHBACK AT SDQ,N230AC
O18125-26,07/08/2026 17:13,10/08/2026,Open,Logged for Statistics,Acceptable (4),AVA- CARGO LOADED WITHOUT REQUIRED CEILING CLEARANCE,HK-5409
O18123-26,07/08/2026 16:28,10/08/2026,Open,Logged for Statistics,Acceptable (1),AVA- NON COMPLIANCE BAGGAGE HANDLING PROCEDURE,HK-5425
O18118-26,07/08/2026 16:00,10/08/2026,In Progress,Full Investigation,Tolerable (20),AVA- JET BRIDGE RETRACTION WITH GPU CONNECTED,N765AV
O18115-26,07/08/2026 14:31,10/08/2026,Open,Logged for Statistics,Acceptable (1),AVA- AIRCRAFT WITH INCOMPLETE CHOCKING CONFIGURATION,N779AV
O18113-26,07/08/2026 13:53,10/08/2026,Open,Logged for Statistics,Acceptable (1),AVA- MISSING FOD BAG ON CONVEYOR,HK-5425
O18112-26,07/08/2026 13:22,10/08/2026,Open,Logged for Statistics,Acceptable (1),AVA- UNAUTHORIZED FUELING DURING PASSENGER ABORDING,N966AV
O18103-26,07/08/2026 12:00,10/08/2026,Open,Logged for Statistics,Acceptable (1),TAI- FUELING PROVIDER DISCREPANCY -400Kg,N664AV
O18102-26,07/08/2026 12:00,10/08/2026,In Progress,Assessment Only,Tolerable (20),AVA- RAMP FREQUENCY COMMUNICATION INTERMITTENT,N966AV
O18099-26,07/08/2026 11:50,10/08/2026,Open,Logged for Statistics,Acceptable (1),AVA- AIRCRAFT WITH INCOMPLETE CHOCKING CONFIGURATION,N206FR
O18897-26,07/08/2026 11:35,18/08/2026,In Progress,Assessment Only,Acceptable (1),TAI- LOAD DISCREPANCY BETWEEN FM MOBILE AND ACTUAL CARGO,N632AV
O18175-26,07/08/2026 10:08,10/08/2026,Open,Logged for Statistics,Acceptable (1),AVA- BAGGAGE DISCREPANCY ARRIVING FROM RIOHACHA,N945AV
O18094-26,07/08/2026 09:15,10/08/2026,Open,Logged for Statistics,Acceptable (4),GLG- STAIRS IMPROPER DOCKING,N963AV
O18091-26,07/08/2026 08:23,10/08/2026,Open,Logged for Statistics,Acceptable (4),AVA- STAIRS IMPROPER DOCKING,N766AV
O18089-26,07/08/2026 08:18,10/08/2026,Open,Logged for Statistics,Acceptable (1),AVA- CONVEYOR BELT GUARD NOT RAISED,N959AV
O18085-26,07/08/2026 07:17,10/08/2026,Open,Logged for Statistics,Acceptable (1),AVA- MISSING FOD BAG ON GSE,N954AV
O18077-26,07/08/2026 06:02,10/08/2026,Open,Logged for Statistics,Acceptable (4),PML- POTENTIAL GROUND EQUIPMENT PUSHING RISK AT REAR DOOR POSITIONS,
O18076-26,07/08/2026 05:26,10/08/2026,Open,Logged for Statistics,Acceptable (1),AVA- MISSING CONES,N688TA
O18075-26,07/08/2026 05:20,10/08/2026,Open,Logged for Statistics,Acceptable (1),AVA- AIRCRAFT WITH INCOMPLETE CHOCKING CONFIGURATION,N691AV
O18073-26,07/08/2026 04:54,10/08/2026,Open,Logged for Statistics,Acceptable (1),AVA- FUELING PROVIDER DISCREPANCY -400Kg,HK-5406
O18071-26,07/08/2026 04:01,10/08/2026,Open,Logged for Statistics,Acceptable (4),TAI- FUEL SPILLAGE DURING REFUELING,N743AV
O18070-26,07/08/2026 02:39,10/08/2026,Open,Logged for Statistics,Acceptable (4),AVA- CARGO LOADED WITHOUT REQUIRED CEILING CLEARANCE,N647AV
O18069-26,07/08/2026 02:25,10/08/2026,Open,Logged for Statistics,Acceptable (1),AVA- MISSING CONES,N750AV
O18062-26,06/08/2026 22:53,10/08/2026,Open,Logged for Statistics,Acceptable (1),AVA- CONVEYOR WITHOUT CHOCKS,N948AV
O18052-26,06/08/2026 19:42,10/08/2026,Open,Logged for Statistics,Acceptable (1),AVA- FUELING PROVIDER DISCREPANCY -400Kg,HK-5320
O18050-26,06/08/2026 19:06,10/08/2026,Open,Logged for Statistics,Acceptable (1),AVA- WRONG PROCEDURE PAYMOVER WITHOUT 360 CHECK,N206FR
O18047-26,06/08/2026 18:21,10/08/2026,Open,Logged for Statistics,Acceptable (4),AVA- GROUND EQUIPMENT OBSTRUCTION IN SAFETY DIAMOND,N567AV
O18046-26,06/08/2026 18:10,10/08/2026,Open,Logged for Statistics,Acceptable (1),AVA- FUELING PROVIDER DISCREPANCY -400Kg,N536AV
O18044-26,06/08/2026 17:30,10/08/2026,Open,Logged for Statistics,Acceptable (4),GUG- PASSENGER AND BAGGAGE MISSED OFFLOAD ON BOARD,N538AV
O18041-26,06/08/2026 16:30,10/08/2026,Open,Logged for Statistics,Acceptable (4),TPA- LOOSE CARGO NET HOOKS POTENTIAL LOAD DELAY,N337QT
O18039-26,06/08/2026 16:14,10/08/2026,Open,Logged for Statistics,Acceptable (4),TPA- CARGO NETS EXPIRED,N337QT
O18038-26,06/08/2026 16:09,10/08/2026,Open,Logged for Statistics,Acceptable (1),TPA- CARGO NET KNOT DETECTED,N337QT
O18033-26,06/08/2026 14:17,10/08/2026,Open,Logged for Statistics,Acceptable (1),AVA- INCORRECT CARGO ORIENTATION GUIDE DURING LOADING,N538AV
O18031-26,06/08/2026 13:57,10/08/2026,Open,Logged for Statistics,Acceptable (1),AVA- BAGGAGE COMPARTMENT NET UNSECURED,N992AV
O18030-26,06/08/2026 13:20,10/08/2026,Open,Logged for Statistics,Acceptable (4),AVA- DOLLYS IMPROPERLY SECURED,N780AV
O18027-26,06/08/2026 12:58,10/08/2026,Open,Logged for Statistics,Acceptable (1),AVA- BAGGAGE NOT LOADED DUE TO IMPROPER PACKAGING,HK-5409
O18025-26,06/08/2026 12:45,10/08/2026,Open,Logged for Statistics,Acceptable (1),AVA- EARLY REMOVAL OF AIRCRAFT SAFETY DEVICES,N728AV
O18023-26,06/08/2026 12:12,10/08/2026,Open,Logged for Statistics,Acceptable (1),AVA- BAGGAGE COMPARTMENT NET UNSECURED,N956AV
O18019-26,06/08/2026 12:00,10/08/2026,Open,Logged for Statistics,Acceptable (1),AVA- OPENED AND TORN CARGO UPON ARRIVAL UNLOADING,N937AV
O18017-26,06/08/2026 12:00,10/08/2026,Open,Logged for Statistics,Acceptable (1),AVA- POTENTIAL BAGGAGE DISCREPANCY DUE TO NOSHOW PASSENGER,N944AV
O18015-26,06/08/2026 12:00,10/08/2026,Open,Logged for Statistics,Acceptable (1),GLG- CONVEYOR IN BAD CONDITIONS,HC-CJV
O18014-26,06/08/2026 12:00,10/08/2026,In Progress,Assessment Only,Tolerable (20),AVA- GPU FAILURE AFFECTING AIRCRAFT SYSTEMS,N780AV
O18013-26,06/08/2026 12:00,10/08/2026,Open,Logged for Statistics,Acceptable (4),AVA- UNAUTHORIZED FUELING DURING PASSENGER DISEMBARKATION,N422AV
O18012-26,06/08/2026 12:00,10/08/2026,Open,Logged for Statistics,Acceptable (1),AVA- AIRCRAFT WITH INCOMPLETE CHOCKING CONFIGURATION,N957AV
O18196-26,06/08/2026 10:34,10/08/2026,Open,Logged for Statistics,Acceptable (1),AVA- COMFORT KIT LOADSHEET DISCREPANCY,N481AV
O18211-26,06/08/2026 10:32,10/08/2026,Open,Logged for Statistics,Acceptable (1),GLG- CONVEYOR IN BAD CONDITIONS,HC-CJV
O18245-26,06/08/2026 10:26,10/08/2026,Open,Logged for Statistics,Acceptable (1),AVA- BAGGAGE COMPARTMENT NET UNSECURED,N481AV
O18256-26,06/08/2026 10:20,10/08/2026,Open,Logged for Statistics,Acceptable (4),AVA- RUNWAY VLN IN POOR CONDITIONS,N230AC
O18294-26,06/08/2026 10:14,10/08/2026,Open,Logged for Statistics,Acceptable (1),AVA- BAGGAGE COMPARTMENT NET UNSECURED,N992AV
O18296-26,06/08/2026 10:00,10/08/2026,Open,Logged for Statistics,Acceptable (4),GLG-[DG] HIDDEN DANGEROUS GOODS DETECTED IN INSPECTION AT GPS,HC-CJW
O18297-26,06/08/2026 09:10,10/08/2026,Open,Logged for Statistics,Acceptable (1),GLG- POTENTIAL FUEL TRUCK CHOCKING ERROR DURING REFUELING,N964AV
O18298-26,06/08/2026 08:54,10/08/2026,Open,Logged for Statistics,Acceptable (1),GLG- GSE INSIDE THE AIRCRAFT SAFETY AREA,HC-CRU
O18299-26,06/08/2026 08:46,10/08/2026,Open,Logged for Statistics,Acceptable (1),GLG- LOAD DISCREPANCY DURING CARGO UNLOADING,HC-CRU
O18303-26,06/08/2026 08:23,10/08/2026,Open,,Acceptable (2),AVA- MISSING WHEEL CHOCKS ON LEFT MAIN GEAR,N401AV
O18305-26,06/08/2026 08:00,10/08/2026,In Progress,Assessment Only,Acceptable (4),TAI- CARGA OVERFLEW,N740AV
O18307-26,06/08/2026 07:57,10/08/2026,Open,Logged for Statistics,Acceptable (1),AVA- FUELING PROVIDER DISCREPANCY -400Kg,HK-5366
O18309-26,06/08/2026 07:43,10/08/2026,Open,Logged for Statistics,Acceptable (1),AVA- BAGGAGE COMPARTMENT NET UNSECURED,N954AV
O18325-26,06/08/2026 05:15,10/08/2026,Open,Logged for Statistics,Acceptable (1),AVA- OVERNIGHT PARKED AIRCRAFT WITH INCOMPLETE CHOCKING CONFIGURATION,HK-5335
O18326-26,06/08/2026 05:00,10/08/2026,In Progress,Assessment Only,Acceptable (4),AVA- GPU FAILURE AFFECTING AIRCRAFT SYSTEMS,HK-5352
O18327-26,06/08/2026 04:00,10/08/2026,Open,Logged for Statistics,Acceptable (1),AVA- ABANDONED BAGGAGE ON CART,N785AV
O18337-26,05/08/2026 23:04,10/08/2026,Open,Logged for Statistics,Acceptable (1),AVA- AIRCRAFT WITH INCOMPLETE CHOCKING CONFIGURATION,HK-5352
O18459-26,05/08/2026 22:06,11/08/2026,Open,Logged for Statistics,Acceptable (1),AVA- AIRCRAFT WITH INCOMPLETE CHOCKING CONFIGURATION,N945AV
O18457-26,05/08/2026 19:55,11/08/2026,In Progress,Assessment Only,Acceptable (4),GLG- GPU FAILURE AFFECTING AIRCRAFT SYSTEMS,HC-CRU
O18456-26,05/08/2026 19:18,11/08/2026,Open,Logged for Statistics,Acceptable (1),TPA- RAMP TRACTOR WITHOUT CHOCKS,N338QT
O18291-26,05/08/2026 17:00,10/08/2026,Open,Logged for Statistics,Acceptable (4),TAI- JETBRIDGE DEFECTIVE AT SAL,N946AV
O18290-26,05/08/2026 16:46,10/08/2026,Open,Logged for Statistics,Acceptable (4),TPA- UNSECURED CARGO NET HOOK DURING LOADING,N338QT
O18287-26,05/08/2026 16:02,10/08/2026,Open,Logged for Statistics,Acceptable (1),AVA- FUELING PROVIDER DISCREPANCY -400Kg,N955AV
O18286-26,05/08/2026 15:50,10/08/2026,Open,Logged for Statistics,Acceptable (1),AVA- WRONG PROCEDURE PAYMOVER WITHOUT 360 CHECK,N599AV
O18285-26,05/08/2026 15:50,10/08/2026,Open,Logged for Statistics,Acceptable (1),AVA- BAGGAGE COMPARTMENT NET UNSECURED,HK5389
O18448-26,05/08/2026 15:30,11/08/2026,In Progress,Assessment Only,Acceptable (4),AVA- INCORRECT REFUELING OF REMOTE PARKED AIRCRAFT,N784AV
O18447-26,05/08/2026 15:23,11/08/2026,Open,Logged for Statistics,Acceptable (4),AVA- PUSHBACK INITIATED WITHOUT REQUIRED WANDS,N942AV
O18443-26,05/08/2026 14:40,11/08/2026,Open,Logged for Statistics,Acceptable (1),AVA- AIRCRAFT WITH INCOMPLETE CHOCKING CONFIGURATION,N750AV
O18441-26,05/08/2026 14:00,11/08/2026,Open,Logged for Statistics,Acceptable (1),AVA- FUEL QUANTITY DISCREPANCY -400Kg,N955AV
O18440-26,05/08/2026 13:49,11/08/2026,Open,Logged for Statistics,Acceptable (1),AVA- GROUND EQUIPMENT GSE WRONG OPERATION,N750AV
O18437-26,05/08/2026 13:45,11/08/2026,Open,Logged for Statistics,Acceptable (4),AVA- CARGO LOADED WITHOUT REQUIRED CEILING CLEARANCE,N780AV
O18436-26,05/08/2026 13:45,11/08/2026,Open,Logged for Statistics,Acceptable (1),AVA- UNSECURED ALLIED LADDER NEAR AIRCRAFT FUSELAGE,N750AV
O18433-26,05/08/2026 12:30,11/08/2026,In Progress,Assessment Only,Acceptable (4),AVA- CONVEYOR BELT IN BAD CONDITIONS,HK-5409
O18614-26,05/08/2026 12:00,12/08/2026,In Progress,Assessment Only,Acceptable (4),AVA- PASSENGER DISCREPANCY AT BOG,HK-5367
O18430-26,05/08/2026 12:00,11/08/2026,Open,Logged for Statistics,Acceptable (1),AVA- PASSENGER DISCREPANCY AT BAQ,N992AV
O18428-26,05/08/2026 12:00,11/08/2026,Open,Logged for Statistics,Acceptable (4),AVA- AIRCRAFT DOOR OPENED AFTER WAIT INSTRUCTION,HK-5368
O17986-26,05/08/2026 12:00,05/08/2026,Open,Logged for Statistics,Acceptable (4),AVA- BAGGAGE DISCREPANCY AT BOG,N960AV
O18425-26,05/08/2026 11:21,11/08/2026,Open,Logged for Statistics,Acceptable (1),AVA- GSE WITHOUT CHOCKS,N206FR
O17985-26,05/08/2026 10:46,05/08/2026,Open,Logged for Statistics,Acceptable (1),AVA- DAMAGED AIR CONDITIONING HOSE LOCK DURING GROUND OPERATION,N207FR
O18423-26,05/08/2026 10:22,11/08/2026,Open,Logged for Statistics,Acceptable (1),AVA- MISSING CONES,N748AV
O17984-26,05/08/2026 10:00,05/08/2026,In Progress,Assessment Only,Tolerable (20),AVA- INADEQUATE TOWBAR USED DURING PUSHBACK,N785AV
O18421-26,05/08/2026 09:00,11/08/2026,Open,Logged for Statistics,Acceptable (1),TAI- BAGGAGE VIBRATION HANDLING PROCEDURE DEVIATION,N980AV
O17982-26,05/08/2026 07:55,05/08/2026,Open,Logged for Statistics,Acceptable (1),AVA- CARGO NET ISSUE DURING GROUND HANDLING,N742AV
O17978-26,05/08/2026 06:54,05/08/2026,Open,Logged for Statistics,Acceptable (4),AVA- STAIRWAY IMPROPER DOCKING,N967AV
O17977-26,05/08/2026 06:20,05/08/2026,In Progress,Assessment Only,Acceptable (4),AVA- BATTERY DISCHARGE ALARM DURING GROUND POWER TRANSITION,HK-5368
O17976-26,05/08/2026 06:10,05/08/2026,Open,Logged for Statistics,Acceptable (1),AVA- CARGO LOADED WITHOUT REQUIRED CEILING CLEARANCE,N206FR
O17975-26,05/08/2026 05:41,05/08/2026,Open,Logged for Statistics,Acceptable (1),AVA- FUEL QUANTITY DISCREPANCY -400Kg,N723AV
O17974-26,05/08/2026 05:40,05/08/2026,Open,Logged for Statistics,Acceptable (1),AVA- APU OPERATION DUE TO GROUND POWER UNAVAILABLE,HK-5335
O17973-26,05/08/2026 05:00,05/08/2026,In Progress,Full Investigation,Tolerable (20),AVA- GROUND POWER FAILURE CAUSING MULTIPLE SYSTEM FAULTS,HK-5425
O18413-26,05/08/2026 04:50,11/08/2026,In Progress,Assessment Only,Acceptable (4),AVA- RESTRICTED GPU USED IN AIRCRAFT OPERATION,N742AV
O17972-26,05/08/2026 04:15,05/08/2026,Open,Logged for Statistics,Acceptable (1),AVA- BAGGAGE COMPARTMENT NET UNSECURED,HK-5425
O17971-26,05/08/2026 04:15,05/08/2026,Open,Logged for Statistics,Acceptable (1),AVA- COMFORT KIT LOADSHEET DISCREPANCY,HK-5425
O17969-26,04/08/2026 22:00,05/08/2026,In Progress,Assessment Only,Tolerable (20),AVA- ENGINE START DELAY DUE TO GROUND EQUIPMENT MALFUNCTION,HK-5368
O18409-26,04/08/2026 21:30,11/08/2026,Open,Logged for Statistics,Acceptable (4),TPA- POOR TAXIWAY SIGNAGE AND LIGHTING HAZARD,N334QT
O17967-26,04/08/2026 20:45,05/08/2026,Open,Logged for Statistics,Acceptable (4),TAI- JETBRIDGE DEFECTIVE,N940AV
O18408-26,04/08/2026 20:39,11/08/2026,Open,Logged for Statistics,Acceptable (4),AVA- CARGO LOADED WITHOUT REQUIRED CEILING CLEARANCE,HK-5422
O18405-26,04/08/2026 18:20,11/08/2026,Open,Logged for Statistics,Acceptable (1),AVA- DAMAGED CARGO CONTAINER DURING PARKING,N791AV
O17959-26,04/08/2026 16:09,05/08/2026,Open,Logged for Statistics,Acceptable (4),TPA- GROUND EQUIPMENT OPERATING INSIDE THE SAFETY DIAMOND,N336QT
O17956-26,04/08/2026 14:45,05/08/2026,Open,Logged for Statistics,Acceptable (1),AVA- BAGGAGE COMPARTMENT NET UNSECURED,N962AV
O17955-26,04/08/2026 14:40,05/08/2026,Open,Logged for Statistics,Acceptable (1),AVA- WRONG PROCEDURE PAYMOVER WITHOUT 360 CHECK,N538AV
O17954-26,04/08/2026 13:40,05/08/2026,Open,Logged for Statistics,Acceptable (4),AVA- CARGO LOADED WITHOUT REQUIRED CEILING CLEARANCE,HK-5425
O17953-26,04/08/2026 13:23,05/08/2026,Open,Logged for Statistics,Acceptable (1),AVA- AIRCRAFT WITH INCOMPLETE CHOCKING CONFIGURATION,N567AV
O17948-26,04/08/2026 12:27,05/08/2026,Open,Logged for Statistics,Acceptable (1),AVA- BAGGAGE UNSECURED,N960AV
O18477-26,04/08/2026 12:00,12/08/2026,In Progress,Assessment Only,Acceptable (4),AVA- BAGGAGE DISCREPANCY DUE TO CANCELLED PASSENGER RECORD,
O17947-26,04/08/2026 12:00,05/08/2026,In Progress,Assessment Only,Acceptable (4),GLG- LOAD DISCREPANCY DUE TO INCORRECT CARGO POSITIONING,HC-CSF
O17945-26,04/08/2026 12:00,05/08/2026,Open,Logged for Statistics,Acceptable (1),AVA- CARGO LOADING WITHOUT SAFETY CHOCKS,N688TA
O17942-26,04/08/2026 11:00,05/08/2026,Open,Logged for Statistics,Acceptable (1),AVA- FUEL QUANTITY DISCREPANCY -400Kg,N207FR
O17941-26,04/08/2026 08:40,05/08/2026,In Progress,Full Investigation,Tolerable (20),AVA- FUEL SPILL DURING FUELING,HK-5408
O17938-26,04/08/2026 07:13,05/08/2026,Open,Logged for Statistics,Acceptable (4),AVA- CARGO COMPARTMENT FLOOR LOCK IMPROPERLY SECURED,N792AV
O17937-26,04/08/2026 06:41,05/08/2026,Open,Logged for Statistics,Acceptable (1),AVA- WASTE DOOR NOT FULLY CLOSED,N792AV
O17936-26,04/08/2026 06:36,05/08/2026,Open,Logged for Statistics,Acceptable (1),AVA- FUEL QUANTITY DISCREPANCY -400Kg,N954AV
O17933-26,04/08/2026 05:50,05/08/2026,Open,Logged for Statistics,Acceptable (2),AVA- EXPIRED FIRE EXTINGUISHER,N932AV
O17932-26,04/08/2026 05:25,05/08/2026,Open,Logged for Statistics,Acceptable (4),AVA- UNAUTHORIZED FUELING DURING PASSENGER DISEMBARKATION,HK-5407
O17931-26,04/08/2026 03:32,05/08/2026,Open,Logged for Statistics,Acceptable (1),AVA- BAGGAGE COMPARTMENT NET UNSECURED,HK-5408
O17921-26,03/08/2026 22:00,05/08/2026,Open,Logged for Statistics,Acceptable (1),TPA- PALLET FALL OUTSIDE SAFETY AREA,
O17918-26,03/08/2026 20:00,05/08/2026,Open,Logged for Statistics,Acceptable (4),AVA- CONVEYOR APPROACH WITHOUT GUIDE MAN,N567AV
O17916-26,03/08/2026 18:45,05/08/2026,Open,Logged for Statistics,Acceptable (1),AVA- BAGGAGE COMPARTMENT NET UNSECURED,N411AV
O17915-26,03/08/2026 18:40,05/08/2026,Open,Logged for Statistics,Acceptable (4),TPA- PASSENGER BOARDING STAIRS IN BAD CONDITIONS,N332QT
O17914-26,03/08/2026 18:30,05/08/2026,In Progress,Assessment Only,Tolerable (20),TNO- ELECTRICAL FAILURE DURING GROUND POWER OPERATION,N338QT
O17911-26,03/08/2026 17:47,05/08/2026,Open,Logged for Statistics,Acceptable (1),AVA- BAGGAGE COMPARTMENT NET UNSECURED,HC-CJW
O17908-26,03/08/2026 16:36,05/08/2026,Open,Logged for Statistics,Acceptable (1),AVA- WRONG GRN PROCEDURE FM MOBILE SIGN IN RAMP AT MDE,HK-5425
O17907-26,03/08/2026 16:23,05/08/2026,Open,Logged for Statistics,Acceptable (1),AVA- BAGGAGE COMPARTMENT NET UNSECURED,N664AV
O17904-26,03/08/2026 14:50,05/08/2026,Open,Logged for Statistics,Acceptable (4),AVA- CARGO LOADED WITHOUT REQUIRED CEILING CLEARANCE,N763AV
O17880-26,03/08/2026 14:08,04/08/2026,Open,Logged for Statistics,Acceptable (1),AVA- CARGO LEFT ON GROUND DUE TO DOCUMENTATION DELAY,N943AV
O17879-26,03/08/2026 13:55,04/08/2026,Open,Logged for Statistics,Acceptable (2),AVA- EXPIRED FIRE EXTINGUISHER,HK-5352
O17962-26,03/08/2026 13:31,05/08/2026,Open,Logged for Statistics,Acceptable (1),AVA- STAIR APPROACH WITHOUT GUIDE MAN,HK-5406
O17877-26,03/08/2026 12:19,04/08/2026,In Progress,Assessment Only,Acceptable (4),AVA- FORWARD CARGO DECOMPRESSION PANEL FOUND DOWN,N743AV
O17876-26,03/08/2026 12:00,04/08/2026,Open,Logged for Statistics,Acceptable (4),AVA- CARGO BIN MESH IMPROPERLY SECURED ON ARRIVAL,N728AV
O17873-26,03/08/2026 11:15,04/08/2026,Open,Logged for Statistics,Acceptable (1),AVA- WRONG PROCEDURE PAYMOVER WITHOUT 360 CHECK,N401AV
O17872-26,03/08/2026 10:45,04/08/2026,Open,Logged for Statistics,Acceptable (1),AVA- COMFORT KIT LOADSHEET DISCREPANCY,N956AV
O17871-26,03/08/2026 10:30,04/08/2026,Open,Logged for Statistics,Acceptable (4),AVA- UNAUTHORIZED FUELING DURING PASSENGER DISEMBARKATION,HK-5408
O17870-26,03/08/2026 09:53,04/08/2026,Open,Logged for Statistics,Acceptable (1),AVA- GSE WITHOUT CHOCKS,N748AV
O17869-26,03/08/2026 09:40,04/08/2026,Open,Logged for Statistics,Acceptable (4),AVA- INSUFFICIENT MARKINGS IN APRON AT VLN,HK-5408
O17865-26,03/08/2026 08:05,04/08/2026,Open,Logged for Statistics,Acceptable (1),AVA- WRONG PROCEDURE PAYMOVER WITHOUT 360 CHECK,HK-5423
O17864-26,03/08/2026 06:36,04/08/2026,Open,,Acceptable (1),LRC- JET BRIDGE A3 ALARM ACTIVATION DURING SERVICE MODE IN RAMP AT SJO,N938AV
O17863-26,03/08/2026 06:10,04/08/2026,Open,Logged for Statistics,Acceptable (4),AVA- STAIR IMPROPER DOCKING,HK-5273
O17861-26,03/08/2026 05:28,04/08/2026,Open,Logged for Statistics,Acceptable (1),AVA- AIRCRAFT WITH INCOMPLETE CHOCKING CONFIGURATION,HK-5425
O17860-26,03/08/2026 05:20,04/08/2026,Open,Logged for Statistics,Acceptable (2),AVA- EXPIRED FIRE EXTINGUISHER,N401AV
O17859-26,03/08/2026 03:49,04/08/2026,Open,Logged for Statistics,Acceptable (4),TPA- CONVEYOR IN BAD CONDITIONS,N337QT
O17855-26,02/08/2026 23:45,04/08/2026,In Progress,Assessment Only,Acceptable (4),AVA- GROUND REFUELING WITH PASSENGERS DISEMBARKING,N253AC
O17853-26,02/08/2026 20:31,04/08/2026,Open,Logged for Statistics,Acceptable (2),AVA- GSE WIHTOUT CHOCKS,N688TA
O17852-26,02/08/2026 20:27,04/08/2026,Open,Logged for Statistics,Acceptable (1),AVA- CARGO NET NOT RAISED,N726AV
O17849-26,02/08/2026 18:31,04/08/2026,Open,Logged for Statistics,Acceptable (4),AVA- INCORRECT AIRCRAFT POSITIONING DURING PARKING,N345AV
O17893-26,02/08/2026 17:09,05/08/2026,Open,Logged for Statistics,Acceptable (4),AVA- CARGO LOADED WITHOUT REQUIRED CEILING CLEARANCE,N945AV
O17845-26,02/08/2026 17:09,04/08/2026,Open,Logged for Statistics,Acceptable (1),AVA- AIRCRAFT WITH INCOMPLETE CHOCKING CONFIGURATION,N557AV
O17838-26,02/08/2026 16:15,04/08/2026,Open,Logged for Statistics,Acceptable (4),AVA- CARGO LOADED WITHOUT REQUIRED CEILING CLEARANCE,HK-5365
O17785-26,02/08/2026 15:20,03/08/2026,Open,Logged for Statistics,Acceptable (4),AVA- PALLET FALL OUTSIDE SAFETY AREA,N207FR
O17784-26,02/08/2026 14:48,03/08/2026,Open,Logged for Statistics,Acceptable (1),AVA- LOOSE PINS ON CARGO NET BIN FIVE,N942AV
O17781-26,02/08/2026 14:27,03/08/2026,In Progress,Assessment Only,Acceptable (4),GLG- CARGO OVERFLEW,HC-CRU
O17780-26,02/08/2026 14:22,03/08/2026,Open,Logged for Statistics,Acceptable (1),AVA- AIRCRAFT WITH INCOMPLETE CHOCKING CONFIGURATION,N411AV
O17779-26,02/08/2026 14:03,03/08/2026,Open,Logged for Statistics,Acceptable (1),AVA- CARGO COMPARTMENT NET UNSECURED,N785AV
O17778-26,02/08/2026 14:00,03/08/2026,Open,,Acceptable (4),TAI- INCORRECT LOADING OF HUMIDITY UNIT WITH LIQUID LEAKAGE,N959AV
O17777-26,02/08/2026 13:24,03/08/2026,Open,Logged for Statistics,Acceptable (1),AVA- BAGGAGE COMPARTMENT NET UNSECURED,N728AV
O17775-26,02/08/2026 12:39,03/08/2026,Open,Logged for Statistics,Acceptable (4),GLG- [DG] HIDDEN DANGEROUS GOODS DETECTED IN INSPECTION AT GPS,HC-CJW
O18368-26,02/08/2026 12:00,11/08/2026,Open,Logged for Statistics,Acceptable (2),AVA- UNAUTHORIZED REFUELING DURING DEBOARDING,N919AV
O17773-26,02/08/2026 12:00,03/08/2026,In Progress,Assessment Only,Tolerable (20),TPA- POTENTIAL GROUND EQUIPMENT AND CARGO LOADING DEVIATIONS,N331QT
O17771-26,02/08/2026 12:00,03/08/2026,Open,Logged for Statistics,Acceptable (4),AVA- JET BRIDGE OPERATIONAL FAILURE DURING DOCKING,N821AV
O17770-26,02/08/2026 12:00,03/08/2026,Open,Logged for Statistics,Acceptable (1),TPA- CARGO HOLD OVERLIMIT,N337QT
O17769-26,02/08/2026 12:00,03/08/2026,Open,Logged for Statistics,Acceptable (1),AVA- BAGGAGE COMPARTMENT NET UNSECURED,N740AV
O17765-26,02/08/2026 10:41,03/08/2026,Open,Logged for Statistics,Acceptable (1),AVA- COMFORT KIT LOADSHEET DISCREPANCY,HK-5423
O17758-26,02/08/2026 09:10,03/08/2026,Open,Logged for Statistics,Acceptable (1),GLG- COURIER BAG FALL DURING UNLOADING,HC-CTX
O17825-26,02/08/2026 08:42,04/08/2026,Open,Logged for Statistics,Acceptable (4),GLG- [DG] HIDDEN DANGEROUS GOODS DETECTED IN INSPECTION AT GPS,N962AV
O17754-26,02/08/2026 07:20,03/08/2026,Open,Logged for Statistics,Acceptable (4),AVA- LOAD DISCREPANCY DUE TO UNUPDATED CARGO BIN ASSIGNMENT,N740AV
O17753-26,02/08/2026 06:48,03/08/2026,In Progress,Assessment Only,Acceptable (4),AVA- UNCOORDINATED REFUELING WITH PASSENGERS ONBOARD,N964AV
O17752-26,02/08/2026 05:57,03/08/2026,Open,Logged for Statistics,Acceptable (1),AVA- OBSTRUCTION TO CARGO BAY INSPECTION PRECAUTIONARY,N766AV
O17749-26,02/08/2026 01:40,03/08/2026,Open,Assessment Only,Acceptable (4),AVA- MISSED OFFLOAD OF CARGO BEFORE TAKEOFF,
O17747-26,01/08/2026 23:43,03/08/2026,Open,Logged for Statistics,Acceptable (1),AVA- COMFORT KIT LOADSHEET DISCREPANCY,HK-5408
O17746-26,01/08/2026 22:27,03/08/2026,Open,Logged for Statistics,Acceptable (1),AVA- UNSAFE ACT OF OPERATIONAL PROCESSES,N945AV
O17745-26,01/08/2026 21:11,03/08/2026,Open,Logged for Statistics,Acceptable (4),AVA- LOAD DISCREPANCY BETWEEN BRS AND FM SYSTEMS,HK-5422
O17737-26,01/08/2026 17:56,03/08/2026,Open,Logged for Statistics,Acceptable (1),AVA- COMFORT KIT LOADSHEET DISCREPANCY,N723AV
O17736-26,01/08/2026 17:41,03/08/2026,Open,Logged for Statistics,Acceptable (1),AVA- TARMAC DELAY DURING PARKING AT KRSW,N745AV
O17731-26,01/08/2026 16:42,03/08/2026,Open,Logged for Statistics,Acceptable (1),AVA- BROKEN BAGGAGE DURING FLIGHT UNLOADING,N206FR
O17726-26,01/08/2026 16:21,03/08/2026,Open,Logged for Statistics,Acceptable (4),AVA- POWER BANK DETECTED IN BAGGAGE SCREENING,N942AV
O17722-26,01/08/2026 16:00,03/08/2026,Open,Logged for Statistics,Acceptable (1),AVA- BROKEN LOCK ON AIRCRAFT ACCESS LADDER,N906AV
O17720-26,01/08/2026 15:15,03/08/2026,Open,Logged for Statistics,Acceptable (1),GLG- INCORRECT CARGO LOADING IN FORWARD HOLD,HC-CRU
O17716-26,01/08/2026 14:21,03/08/2026,Open,Logged for Statistics,Acceptable (4),AVA- PUSHBACK INITIATED WITHOUT REQUIRED WANDS,N398AV
O17711-26,01/08/2026 13:40,03/08/2026,Open,Logged for Statistics,Acceptable (1),AVA- STAIR APPROACH WITHOUT GUIDE MAN,N253AC
O17706-26,01/08/2026 12:50,03/08/2026,In Progress,Assessment Only,Acceptable (4),AVA- CARGO OVERFLOWN AFTER MISSED OFFLOAD,N723AV
O17704-26,01/08/2026 12:30,03/08/2026,Open,Assessment Only,Acceptable (4),AVA- FUEL QUANTITY DISCREPANCY,N536AV
O17703-26,01/08/2026 12:15,03/08/2026,Open,Logged for Statistics,Acceptable (1),AVA- FUELING PROVIDER DISCREPANCY -400Kg,HK5389
O18369-26,01/08/2026 12:00,11/08/2026,Open,Logged for Statistics,Acceptable (4),TNO- LOOSE CARGO ITEM FOUND IN MAIN DECK,N338QT
O17687-26,01/08/2026 11:06,03/08/2026,Open,Logged for Statistics,Acceptable (1),AVA- COMFORT KIT LOADSHEET DISCREPANCY,N745AV
O17686-26,01/08/2026 10:29,03/08/2026,Open,Logged for Statistics,Acceptable (1),AVA- CARGO NETS IMPROPERLY SECURED,N943AV
O17685-26,01/08/2026 10:07,03/08/2026,Open,Logged for Statistics,Acceptable (1),AVA- WRONG BAGGAGE HANDLING ADZ,N956AV
O17680-26,01/08/2026 08:28,03/08/2026,Open,Logged for Statistics,Acceptable (1),AVA- WRONG PROCEDURE PAYMOVER WITHOUT 360 CHECK,N862AV
O17679-26,01/08/2026 07:30,03/08/2026,Open,Logged for Statistics,Acceptable (1),AVA- AIRCRAFT WITH INCOMPLETE CHOCKING CONFIGURATION,HK-5335
O17678-26,01/08/2026 07:04,03/08/2026,In Progress,Assessment Only,Tolerable (20),GLG- LOADING NOT IN ACCORDANCE WITH LIRF,N963AV
O17728-26,01/08/2026 06:45,03/08/2026,Open,Assessment Only,Acceptable (4),AVA- LOADSHEET ERROR DURING PRE FLIGHT LOADING,N963AV
O17676-26,01/08/2026 06:33,03/08/2026,Open,Assessment Only,Acceptable (4),AVA- NOTOC NOT UPDATED FOR RCM LOADED IN BLK5,N411AE
O17675-26,01/08/2026 06:27,03/08/2026,Open,Logged for Statistics,Acceptable (1),AVA- MISSING FOD BAG ON CONVEYOR,N943AV
O17667-26,01/08/2026 02:10,03/08/2026,Open,Logged for Statistics,Acceptable (4),AVA- OPERATOR OMISSION AFFECTING RAMP OPERATIONS,HC-CJW
O17665-26,01/08/2026 01:08,03/08/2026,Open,Logged for Statistics,Acceptable (4),TPA- PALLET FALL OUTSIDE SAFETY AREA,HK-5389
O17660-26,31/07/2026 23:45,03/08/2026,Open,Logged for Statistics,Acceptable (4),TPA- PALLET FALL OUTSIDE SAFETY AREA,N330QT
O17657-26,31/07/2026 22:00,03/08/2026,Open,Logged for Statistics,Acceptable (1),TPA- GROUND HANDLING DELAY DUE TO EQUIPMENT AND STAFF SHORTAGE,N330QT
O17655-26,31/07/2026 22:00,03/08/2026,Open,Logged for Statistics,Acceptable (1),AVA- BAGGAGE DISCREPANCY DUE TO PREMATURE SCANNING,HK-5360
O17654-26,31/07/2026 21:59,03/08/2026,Open,Logged for Statistics,Acceptable (4),AVA- CARGO LOADER APPROACH WITHOUT GUIDE MAN,N793AV
O17652-26,31/07/2026 21:47,03/08/2026,Open,Logged for Statistics,Acceptable (4),AVA- STAIR IMPROPER DOCKING,N398AV
O17651-26,31/07/2026 21:44,03/08/2026,Open,Logged for Statistics,Acceptable (1),TPA- INSUFFICIENT TUG EQUIPMENT FOR SIMULTANEOUS CARGO POSITIONING,N338QT
O17649-26,31/07/2026 20:14,03/08/2026,Open,Logged for Statistics,Acceptable (1),AVA- AIRCRAFT WITH INCOMPLETE CHOCKING CONFIGURATION,N481AV
O17644-26,31/07/2026 19:02,03/08/2026,Open,Logged for Statistics,Acceptable (1),AVA- COMAT LOADSHEET DISCREPANCY,N398AV
O17641-26,31/07/2026 17:12,03/08/2026,Open,Logged for Statistics,Acceptable (4),AVA- GSE STAIRWAYS APPROACH WITHOUT GUIDE MAN,N206FR
O17636-26,31/07/2026 16:46,03/08/2026,Open,Logged for Statistics,Acceptable (4),AVA- [DG] HIDDEN DANGEROUS GOODS DETECTED IN INSPECTION AT LIM,N230AC
O17630-26,31/07/2026 16:26,03/08/2026,Open,Logged for Statistics,Acceptable (4),AVA- [DG] HIDDEN DANGEROUS GOODS DETECTED IN INSPECTION AT CUZ,N942AV
O17629-26,31/07/2026 16:23,03/08/2026,Open,Logged for Statistics,Acceptable (4),AVA- [DG] HIDDEN DANGEROUS GOODS DETECTED IN INSPECTION AT CUZ,N942AV
O17624-26,31/07/2026 15:17,03/08/2026,Open,Logged for Statistics,Acceptable (1),AVA- CONVEYOR WITHOUT CHOCKS,HK-5423
O17622-26,31/07/2026 15:00,03/08/2026,Open,,Acceptable (4),LRC- BAGGAGE RECONCILIATION PROCESS DEVIATION DURING LOADING AT ORD,N904AV
O17621-26,31/07/2026 14:28,03/08/2026,Open,Logged for Statistics,Acceptable (4),AVA- LOAD DISCREPANCY DURING AIRCRAFT UNLOADING,HK-5424
O17620-26,31/07/2026 14:25,03/08/2026,Open,Logged for Statistics,Acceptable (1),AVA- BAGGGE ARRIVING IN POOR CONDITION,N958AV
O17617-26,31/07/2026 13:42,03/08/2026,Open,Logged for Statistics,Acceptable (1),AVA- MISSING CONES,HK-5320
O17612-26,31/07/2026 13:00,03/08/2026,In Progress,Assessment Only,Tolerable (20),AVA- AIRCRAFT STUCK IN APRON POTHOLE DURING TAXI,N206FR
O18510-26,31/07/2026 11:41,12/08/2026,Open,,,GLG- TOWED PUSHBACK PRECAUTIONARY STOP NEAR TAXIWAY ENTRY,HC-CTX
O17601-26,31/07/2026 11:30,03/08/2026,Open,Assessment Only,Acceptable (1),AVA- CARGO NOT IN ACCORDANCE WITH LIR,HK-5421
O17512-26,31/07/2026 11:00,31/07/2026,Open,Logged for Statistics,Acceptable (1),AVA- BAGGAGE COMPARTMENT NET UNSECURED,N557AV
O17591-26,31/07/2026 09:00,03/08/2026,In Progress,Assessment Only,Acceptable (4),AVA- [DG] HIDDEN DANGEROUS GOODS IN CARGO COMPARTMENT,HK-5425
O17589-26,31/07/2026 09:00,03/08/2026,Open,Logged for Statistics,Acceptable (2),AVA- [DG] HIDDEN DANGEROUS GOODS DETECTED IN INSPECTION AT CTG,HK-5425
O17590-26,31/07/2026 08:49,03/08/2026,In Progress,Assessment Only,Tolerable (21),AVA- BIRD STRIKE DAMAGE AT VUP i22185,N567AV
O17511-26,31/07/2026 08:48,31/07/2026,Open,Logged for Statistics,Acceptable (4),AVA-EARLY REMOVAL OF AIRCRAFT SAFETY DEVICES,HK-5424
O17510-26,31/07/2026 08:45,31/07/2026,Open,Logged for Statistics,Acceptable (1),GLG- BAGGAGE CART IN BAD CONDITIONS,HC-CJW
O17508-26,31/07/2026 08:18,31/07/2026,Open,Logged for Statistics,Acceptable (1),AVA- COMFORT KIT LOADSHEET DISCREPANCY,HK-5360
O17507-26,31/07/2026 07:59,31/07/2026,Open,Logged for Statistics,Acceptable (4),AVA- CARGO FOUND OUTSIDE SAFETY NET,N723AV
O17587-26,31/07/2026 07:45,03/08/2026,Open,Logged for Statistics,Acceptable (1),AVA- AIRCRAFT WITH INCOMPLETE CHOCKING CONFIGURATION,N253AC
O17506-26,31/07/2026 07:26,31/07/2026,Open,Logged for Statistics,Acceptable (1),AVA- AIRCRAFT WITH INCOMPLETE CHOCKING CONFIGURATION,N957AV
O17505-26,31/07/2026 07:13,31/07/2026,In Progress,Full Investigation,Tolerable (20),AVA- AIRCRAFT IMPACT WITH CONVEYOR,N195AV
O17504-26,31/07/2026 06:52,31/07/2026,Open,Logged for Statistics,Acceptable (1),AVA- COMFORT KIT LOADSHEET DISCREPANCY,N932AV
O17502-26,31/07/2026 06:33,31/07/2026,Open,Logged for Statistics,Acceptable (4),AVR- IMPROPER CONVEYOR USE AT BGA,N281AV
O17499-26,31/07/2026 06:00,31/07/2026,Open,Logged for Statistics,Acceptable (4),PLM- FOD DETECTED DURING FLIGHT OPERATION,
O17584-26,31/07/2026 01:44,03/08/2026,Open,Logged for Statistics,Acceptable (4),AVA- [DG] HIDDEN DANGEROUS GOODS DETECTED IN INSPECTION AT LIM,N536AV
O17497-26,31/07/2026 00:29,31/07/2026,In Progress,Assessment Only,Acceptable (4),TPA- DAMAGE FOUND IN AFT CARGO HOLD,N332QT
O17492-26,30/07/2026 21:45,31/07/2026,Open,Logged for Statistics,Acceptable (4),GLO- JET BRIDGE MISALIGNMENT WITH AIRCRAFT TYPE,
O17490-26,30/07/2026 21:32,31/07/2026,Open,Logged for Statistics,Acceptable (4),AVA- CARGO LOADED WITHOUT REQUIRED CEILING CLEARANCE,HK-5422
O17489-26,30/07/2026 20:46,31/07/2026,Open,Logged for Statistics,Acceptable (4),AVA- TRACTOR INSIDE THE AIRCRAFT SAFETY AREA,N426AV
O17487-26,30/07/2026 19:51,31/07/2026,Open,Logged for Statistics,Acceptable (4),AVA- STAIRS WITHOUT LIGTHS,N206FR
O17577-26,30/07/2026 18:22,03/08/2026,Open,Logged for Statistics,Acceptable (4),AVA- STAIR APPROACH WITHOUT GUIDE MAN,N426AV
O17573-26,30/07/2026 16:49,03/08/2026,Open,Logged for Statistics,Acceptable (4),AVA- INCORRECT PASSENGER BOARDING DUE TO MANUAL SEQUENCE ENTRY,N766AV
O17483-26,30/07/2026 16:40,31/07/2026,In Progress,Assessment Only,Tolerable (20),AVA- SeMS- BOARDING PASS DUPLICATED (PASSENGER AND BOARDING PASS DISCREPANCY) GIG- BOG,N766AV
O17570-26,30/07/2026 16:11,03/08/2026,Open,Logged for Statistics,Acceptable (1),AVA- WRONG BAGGAGE HANDLING,HK-5388
O17569-26,30/07/2026 16:05,03/08/2026,Open,Logged for Statistics,Acceptable (1),AVA- WRONG BAGGAGE HANDLING,N766AV
O17480-26,30/07/2026 15:55,31/07/2026,Open,Logged for Statistics,Acceptable (2),AVA- UNAUTHORIZED REFUELING DURING DEBOARDING,N477AV
O17478-26,30/07/2026 15:08,31/07/2026,Open,Logged for Statistics,Acceptable (1),AVA- BAGGAGE CART BAD CONDITIONS,HK-5361
O17476-26,30/07/2026 14:40,31/07/2026,Open,Logged for Statistics,Acceptable (4),AVA- CONVEYOR IN BAD CONDITION,N958AV
O17472-26,30/07/2026 14:19,31/07/2026,Open,Logged for Statistics,Acceptable (1),AVA- UNSECURED SANITARY SERVICE COVER,HK-5361
O17471-26,30/07/2026 14:11,31/07/2026,Open,Logged for Statistics,Acceptable (4),AVA- CONVEYOR IMPROPER DOCKING,HK-5423
O17469-26,30/07/2026 14:00,31/07/2026,Open,Logged for Statistics,Acceptable (1),AVA- CONVEYOR SAFETY BARRIER DEFECTIVE,N688TA
O17466-26,30/07/2026 13:28,31/07/2026,Open,Logged for Statistics,Acceptable (2),AVA- CARGO NET WITHOUT SAFETY PIN,N426AV
O17464-26,30/07/2026 13:15,31/07/2026,Open,Logged for Statistics,Acceptable (4),AVA- CARGO LOADED WITHOUT REQUIRED CEILING CLEARANCE,N742AV
O17564-26,30/07/2026 12:00,03/08/2026,Open,,Acceptable (4),AVA- UNREPORTED DIPLOMATIC BAGGAGE LOADING,N451AV
O17459-26,30/07/2026 12:00,31/07/2026,Open,Logged for Statistics,Acceptable (1),TAI- BAGGAGE OVERFLEW,N980AV
O17454-26,30/07/2026 11:25,31/07/2026,Open,Logged for Statistics,Acceptable (2),AVA- CONVEYOR OPERATION WIHTOUT SAFETY BARRIER,N647AV
O17452-26,30/07/2026 10:39,31/07/2026,Open,Logged for Statistics,Acceptable (1),GLG- DAMAGED CARGO CART CURTAIN PRIOR LOADING,HC-CSF
O17450-26,30/07/2026 10:23,31/07/2026,Open,Logged for Statistics,Acceptable (4),AVA- BAGGAGE DISCREPANCY DURING UNLOADING,N945AV
O17449-26,30/07/2026 10:18,31/07/2026,Open,Logged for Statistics,Acceptable (1),AVA- LOOSE CARGO NET SUPPORT BAR IN REAR BAY,N945AV
O17448-26,30/07/2026 08:35,31/07/2026,Open,Logged for Statistics,Acceptable (2),TPA- DISCHARGED FIRE EXTINGUISHER,HK-5365
O17412-26,30/07/2026 08:01,30/07/2026,Open,Logged for Statistics,Acceptable (1),AVA- AIRCRAFT WITH INCOMPLETE CHOCKING CONFIGURATION,N763AV
O17560-26,30/07/2026 08:00,03/08/2026,Open,Logged for Statistics,Acceptable (1),AVA- JET WAY DEFECTIVE,HK-5318
O17411-26,30/07/2026 08:00,30/07/2026,Open,Logged for Statistics,Acceptable (4),AVA- CARGO LOADED WITHOUT REQUIRED CEILING CLEARANCE,N942AV
O18882-26,30/07/2026 07:50,18/08/2026,Open,,,TNO- CARGO PALLET SHIFT DURING RAMP LOADING,N337QT
O17410-26,30/07/2026 07:49,30/07/2026,Open,Logged for Statistics,Acceptable (1),AVA- CONVEYOR APPROACH WITHOUT GUIDE MAN,N763AV
O17557-26,30/07/2026 07:00,03/08/2026,Open,Assessment Only,Acceptable (4),AVA- PARKING POSITION CHANGE DURING TAXI,N792AV
O17408-26,30/07/2026 06:25,30/07/2026,Open,Logged for Statistics,Acceptable (1),AVA- WRONG PROCEDURE PAYMOVER WITHOUT 360 CHECK,HK-5395
O17407-26,30/07/2026 06:00,30/07/2026,Open,Logged for Statistics,Acceptable (1),AVA- UNAUTHORIZED LEADER SIGNATURE USE,N206FR
O17404-26,30/07/2026 05:23,30/07/2026,Open,Logged for Statistics,Acceptable (4),AVA- BAGGAGE BUILT TOO HIGH AT BOG,HK-5424
O17401-26,30/07/2026 04:20,30/07/2026,Open,Logged for Statistics,Acceptable (1),AVA- FUELING PROVIDER DISCREPANCY -400Kg,N426AV
O17400-26,30/07/2026 02:28,30/07/2026,Open,Logged for Statistics,Acceptable (4),AVA- [DG] HIDDEN DANGEROUS GOODS DETECTED IN INSPECTION AT LIM,N664AV
O17442-26,30/07/2026 00:32,31/07/2026,Open,Logged for Statistics,Acceptable (1),TPA- HYDRAULIC FLUID LEAK FROM CONVEYOR UNIT DURING CARGO LOADING,N337QT
O17553-26,29/07/2026 22:52,03/08/2026,Open,Logged for Statistics,Acceptable (1),AVA- BAGGAGE OVERFLEW,HK-5409
O17391-26,29/07/2026 21:26,30/07/2026,Open,Logged for Statistics,Acceptable (2),AVA- FUEL LEAK DURING REFUELING DUE TO HOSE NOZZLE WEAR,N951AV
O17552-26,29/07/2026 21:10,03/08/2026,Open,Logged for Statistics,Acceptable (2),AVA- GROUND REFUELLING EQUIPMENT FAILURE,N945AV
O17385-26,29/07/2026 17:39,30/07/2026,Open,Logged for Statistics,Acceptable (1),EFY- BAGGAGE COMPARTMENT NET UNSECURED,N557AV
O17383-26,29/07/2026 17:20,30/07/2026,Open,Logged for Statistics,Acceptable (1),AVA- BAGGAGE OVERFLEW,N958AV
O17438-26,29/07/2026 16:58,31/07/2026,In Progress,Assessment Only,Acceptable (4),AVA- BAGGAGE DISCREPANCY,N919AV
O17549-26,29/07/2026 16:23,03/08/2026,Open,Logged for Statistics,Acceptable (1),AVA- WRONG BAGGAGE HANDLING,N766AV
O17379-26,29/07/2026 15:51,30/07/2026,Open,Logged for Statistics,Acceptable (4),AVA- CARGO LOADED WITHOUT REQUIRED CEILING CLEARANCE,N931AV
O17378-26,29/07/2026 15:00,30/07/2026,Open,Logged for Statistics,Acceptable (4),LRC- INCORRECT PASSENGER BOARDING STATUS AFTER DEPARTURE AT ORD,N903AV
O17436-26,29/07/2026 14:45,31/07/2026,Open,Logged for Statistics,Acceptable (1),AVA- BAGGAGE OVERLIMIT IN HOLD,N945AV
O17548-26,29/07/2026 14:35,03/08/2026,Open,Logged for Statistics,Acceptable (1),AVA- UNAUTHORIZED MARKING INSIDE FUSELAGE NEAR FUEL PANEL,HK-5360
O17375-26,29/07/2026 13:27,30/07/2026,Open,Logged for Statistics,Acceptable (1),AVA- FUELING PROVIDER DISCREPANCY -400Kg,N345AV
O17374-26,29/07/2026 12:55,30/07/2026,Open,Logged for Statistics,Acceptable (4),AVA- JET WAY IMPROPER DISTANCE DURING BOARDING,N743AV
O17435-26,29/07/2026 12:54,31/07/2026,Open,Logged for Statistics,Acceptable (4),AVA- EARLY CONES REMOVE,N230AC
O17373-26,29/07/2026 12:30,30/07/2026,Open,Logged for Statistics,Acceptable (1),AVA- CARGO NETS IMPROPERLY SECURED,HK-5422
O17372-26,29/07/2026 12:00,30/07/2026,Open,Logged for Statistics,Acceptable (1),GUG- GPU IN BAD CONDITIONS,N686TA
O17371-26,29/07/2026 12:00,30/07/2026,Open,Logged for Statistics,Acceptable (1),AVA- BAGGAGE COMPARTMENT NET UNSECURED,N426AV
O17368-26,29/07/2026 12:00,30/07/2026,Open,Logged for Statistics,Acceptable (4),AVA- GROUND EQUIPMENT OBSTRUCTION DURING AIRCRAFT PARKING,N943AV
O17363-26,29/07/2026 10:44,30/07/2026,Open,Logged for Statistics,Acceptable (1),AVA- KIT COMFORT NOT REPORTED IN FM SYSTEM,HK-5425
O17361-26,29/07/2026 10:35,30/07/2026,Open,Logged for Statistics,Acceptable (1),AVA- BAGGAGE HEIGHT LIMIT EXCEEDED BIN4,HK-5425
O17359-26,29/07/2026 10:10,30/07/2026,Open,Logged for Statistics,Acceptable (1),GLG- [DG] HIDDEN DANGEROUS GOODS DETECTED IN INSPECTION,HC-CRU
O17306-26,29/07/2026 07:20,29/07/2026,Open,Logged for Statistics,Acceptable (4),AVA- CARGO LOADED WITHOUT REQUIRED CEILING CLEARANCE,HK-5318
O17352-26,29/07/2026 07:15,30/07/2026,Open,Logged for Statistics,Acceptable (1),GLG- CARGO SAFETY PINS IMPROPERLY SECURED,HC-CTX
O18353-26,29/07/2026 07:00,11/08/2026,Open,,Acceptable (4),AVA- [DG] HIDDEN DANGEROUS GOODS DETECTED IN INSPECTION AT EZE,N800AV
O17349-26,29/07/2026 07:00,30/07/2026,Open,Logged for Statistics,Acceptable (4),AVA- [DG] HIDDEN DANGEROUS GOODS DETECTED BEFORE CARGO HOLD DOOR CLOSE,N800AV
O17305-26,29/07/2026 05:51,29/07/2026,Open,Logged for Statistics,Acceptable (1),AVA- FUELING PROVIDER DISCREPANCY -400Kg,N345AV
O17292-26,29/07/2026 02:33,29/07/2026,Open,Logged for Statistics,Acceptable (1),AVA- BAGGAGE OVERFLEW,N799AV
O17291-26,29/07/2026 02:33,29/07/2026,Open,Logged for Statistics,Acceptable (1),AVA- BAGGAGE COMPARTMENT NET UNSECURED,N799AV
O17344-26,29/07/2026 01:11,30/07/2026,Open,Logged for Statistics,Acceptable (4),AVA- [DG] HIDDEN DANGEROUS GOODS DETECTED IN INSPECTION AT,HK-5390
O17298-26,29/07/2026 00:57,29/07/2026,Open,Logged for Statistics,Acceptable (4),TPA- ULD STRUCTURAL DAMAGE DURING RAMP TRANSFER,N336QT
O17290-26,29/07/2026 00:39,29/07/2026,Open,Logged for Statistics,Acceptable (1),AVA- FUELING PROVIDER DISCREPANCY -400Kg,HK-5421
O17343-26,29/07/2026 00:31,30/07/2026,Open,Logged for Statistics,Acceptable (4),AVA- [DG] HIDDEN DANGEROUS GOODS DETECTED IN INSPECTION AT LIM,N599AV
O17289-26,29/07/2026 00:00,29/07/2026,Open,Logged for Statistics,Acceptable (4),AVA- AVIH DISCREPANCY IN FM MOBILE,N931AV
O17279-26,28/07/2026 20:46,29/07/2026,Open,Logged for Statistics,Acceptable (4),AVA- STAIR IN BAD CONDITIONS,N800AV
O17264-26,28/07/2026 17:49,29/07/2026,Open,Logged for Statistics,Acceptable (1),AVA- MISSING FUEL REFILL CAP COVER ON ARRIVAL,N750AV
O17267-26,28/07/2026 17:42,29/07/2026,Open,Logged for Statistics,Acceptable (1),AVA- CONVEYOR IN BAD CONDITIONS,N956AV
O17261-26,28/07/2026 17:00,29/07/2026,Open,Logged for Statistics,Acceptable (1),AVA- BAGGAGE COMPARTMENT NET UNSECURED,N728AV
O17653-26,28/07/2026 16:20,03/08/2026,Open,Assessment Only,Acceptable (4),AVA- GROUND POWER UNIT FAILURE,N791AV
O17250-26,28/07/2026 14:07,28/07/2026,Open,Logged for Statistics,Acceptable (2),AVA- EXPIRED FIRE EXTINGUISHER,N411AE
O17248-26,28/07/2026 13:45,28/07/2026,Open,Logged for Statistics,Acceptable (1),AVA- BAGGAGE COMPARTMENT NET UNSECURED,N477AV
O17266-26,28/07/2026 13:00,29/07/2026,Open,Logged for Statistics,Acceptable (1),AVA- BAGGAGE DISCREPANCY AT GUA,N726AV
O17299-26,28/07/2026 12:00,29/07/2026,In Progress,Full Investigation,Tolerable (100),AVA- FUSELAGE DAMAGE FOUND DURING POSTFLIGHT INSPECTION AT CLO,N967AV
O17247-26,28/07/2026 12:00,28/07/2026,In Progress,Assessment Only,Acceptable (4),AVA- GPU FAILURE AFFECTING AIRCRAFT SYSTEMS,N741AV
O17243-26,28/07/2026 10:21,28/07/2026,Open,Logged for Statistics,Acceptable (2),AVR- BAGGAGE DROPPED DURING LOADING,N536AV
O17242-26,28/07/2026 10:00,28/07/2026,In Progress,Assessment Only,Acceptable (4),AVA- EXTERNAL GORUND POWER UNIT FAILURE AT BAQ,HK-5395
O17241-26,28/07/2026 09:30,28/07/2026,Open,Logged for Statistics,Acceptable (2),AVA- EXPIRED FIRE EXTINGUISHER,N230AC
O17332-26,28/07/2026 07:00,30/07/2026,Open,Logged for Statistics,Acceptable (4),AVA- [DG] WHEELCHAIR BATTERY LOADING WITHOUT INSPECTION DURING CRUISE,N931AV
O17214-26,28/07/2026 06:51,28/07/2026,Open,Logged for Statistics,Acceptable (4),AVA- ULD CLASSIFICATION AND POSITIONING ERROR,N794AV
O17309-26,28/07/2026 06:32,29/07/2026,Open,Logged for Statistics,Acceptable (1),AVA- [DG] HIDDEN DANGEROUS GOODS DETECTED IN INSPECTION AT LIM,N965AV
O17270-26,28/07/2026 04:00,29/07/2026,Open,Logged for Statistics,Acceptable (4),LRC- LOADSHEET ERROR DUE TO INCORRECT LIVE ANIMAL WEIGHT UNITS AT ORD,N966AV
O17330-26,28/07/2026 02:59,30/07/2026,Open,Logged for Statistics,Acceptable (1),AVA- UNAUTHORIZED LEADER SIGNATURE USE,N818AV
O17211-26,28/07/2026 00:23,28/07/2026,Open,Logged for Statistics,Acceptable (1),AVA- UNREPORTED KITCOMFORT IN FM MOBILE SYSTEM,N345AV
O17210-26,27/07/2026 21:54,28/07/2026,Open,Logged for Statistics,Acceptable (2),AVA- EXPIRED FIRE EXTINGUISHER,HK-5406
O17209-26,27/07/2026 21:00,28/07/2026,Open,Logged for Statistics,Acceptable (2),AVA- EXPIRED FIRE EXTINGUISHER,N763AV
O17207-26,27/07/2026 20:09,28/07/2026,Open,Logged for Statistics,Acceptable (4),TAI- BIRD STRIKE NO DAMAGE AT SAL,N779AV
O17205-26,27/07/2026 20:00,28/07/2026,Open,Logged for Statistics,Acceptable (1),AVA- BAGGAGE COMPARTMENT NET UNSECURED,N567AV
O17535-26,27/07/2026 19:40,03/08/2026,Open,Logged for Statistics,Acceptable (4),AVA- AIRCRAFT DOOR OPENED AFTER WAIT INSTRUCTION [PASSENGER SERVICE STAFF],N481AV
O17202-26,27/07/2026 17:42,28/07/2026,Open,Logged for Statistics,Acceptable (2),AVA- CONVEYOR WITHOUT RUBBER,HK-5409
O17199-26,27/07/2026 16:39,28/07/2026,Open,Logged for Statistics,Acceptable (1),AVA- WRONG GRN PROCEDURE FM MOBILE SIGN IN RAMP AT BOG,N945AV
O17198-26,27/07/2026 16:30,28/07/2026,Open,Logged for Statistics,Acceptable (4),TPA- PALLET FALL INSIDE SAFETY AREA,N334QT
O17153-26,27/07/2026 16:28,27/07/2026,Open,Logged for Statistics,Acceptable (4),AVA- PAVEMENT DEFICIENCY AT PARKING STAND AT PEI,N562AV
O17150-26,27/07/2026 14:25,27/07/2026,Open,Logged for Statistics,Acceptable (2),AVA- DISCHARGED FIRE EXTINGUISHER ON CONVEYOR EQUIPMENT,N562AV
O17149-26,27/07/2026 14:21,27/07/2026,Open,Logged for Statistics,Acceptable (4),AVA- UNSAFE CONVEYOR OPERATION,N961AV
O17533-26,27/07/2026 14:14,03/08/2026,In Progress,Assessment Only,Tolerable (20),AVA- BEACON DEACTIVATED BEFORE ENGINE SHUTDOWN,N962AV
O17192-26,27/07/2026 14:10,28/07/2026,In Progress,Assessment Only,Acceptable (4),TAI - PARTIAL UNLOADED CARGO ONBOARD AFFECTING WEIGHT AND BALANCE,N903AV
O17234-26,27/07/2026 14:00,28/07/2026,Open,Logged for Statistics,Acceptable (2),AVA- LOOSE METAL WORK IN FORWARD CARGO COMPARTMENT,N762AV
O17147-26,27/07/2026 12:41,27/07/2026,Open,Logged for Statistics,Acceptable (4),AVA- JET WAY IMPROPER DOCKING,N946AV
O17189-26,27/07/2026 12:00,28/07/2026,Open,Logged for Statistics,Acceptable (1),AVA- CONVEYOR APPROACH WITHOUT GUIDE MAN,N743AV
O17188-26,27/07/2026 12:00,28/07/2026,Open,Logged for Statistics,Acceptable (1),AVA- UNAUTHORIZED LEADER SIGNATURE USE,N281AV
O17185-26,27/07/2026 12:00,28/07/2026,Open,Logged for Statistics,Acceptable (4),LRC- WRONG GRH FUEL QUANTITY DISCREPANCY NOTIFIED BY OPS AT GYE,N902AV
O17146-26,27/07/2026 12:00,27/07/2026,Open,Logged for Statistics,Acceptable (4),TAI- BAG FOUND OUTSIDE SAFETY NET,N686TA
O17141-26,27/07/2026 11:23,27/07/2026,Open,Logged for Statistics,Acceptable (1),AVA- BAGGAGE COMPARTMENT NET UNSECURED,N411AE
O17140-26,27/07/2026 11:23,27/07/2026,Open,Logged for Statistics,Acceptable (1),AVA- COMFORT KIT LOADSHEET DISCREPANCY,N411AE
O17139-26,27/07/2026 11:20,27/07/2026,Open,Logged for Statistics,Acceptable (4),AVA- CARGO LOADED WITHOUT REQUIRED CEILING CLEARANCE,N411AE
O17322-26,27/07/2026 09:13,30/07/2026,Open,Logged for Statistics,Acceptable (4),GLG- [DG] HIDDEN DANGEROUS GOODS DETECTED IN INSPECTION AT GPS,HC-CSF
O17260-26,27/07/2026 09:13,29/07/2026,Open,Logged for Statistics,Acceptable (1),AVA- OPEN AIR CONDITIONING COMPARTMENT DOOR AT PARKING POSITION,N934AG
O17532-26,27/07/2026 07:15,03/08/2026,Open,Logged for Statistics,Acceptable (1),AVA- REFUELING WITH PASSENGERS ON BOARD DURING GROUND OPERATIONS,N992AV
O17133-26,27/07/2026 06:19,27/07/2026,Open,Logged for Statistics,Acceptable (4),AVA- EXPIRED FIRE EXTINGUISHER,N557AV
O17129-26,27/07/2026 05:30,27/07/2026,Open,Logged for Statistics,Acceptable (1),AVA- FLASHLIGHT DROPPED INTO CARGO LOCK GAP DURING INSPECTION,N800AV
O17183-26,27/07/2026 02:03,28/07/2026,Open,Logged for Statistics,Acceptable (1),AVA- [DG] HIDDEN DANGEROUS GOODS DETECTED IN INSPECTION AT LIM,N230AC
O17122-26,26/07/2026 21:50,27/07/2026,Open,Logged for Statistics,Acceptable (1),AVA- AIRCRAFT WITH INCOMPLETE CHOCKING CONFIGURATION,N961AV
O17121-26,26/07/2026 21:27,27/07/2026,Open,Logged for Statistics,Acceptable (4),TPA- UNSECURED CARGO PALLET IN ABL POSITION,N338QT
O17179-26,26/07/2026 17:58,28/07/2026,Open,Logged for Statistics,Acceptable (1),EFY- BAGGAGE OVERFLEW,
O17115-26,26/07/2026 17:55,27/07/2026,Open,Logged for Statistics,Acceptable (4),AVA- UNDECLARED BAGGAGE FOUND IN CARGO COMPARTMENT,HC-CRU
O17111-26,26/07/2026 16:30,27/07/2026,In Progress,Full Investigation,Tolerable (20),LRC- AIRCRAFT STRUCK BY A CATERING TRUCK AT SJO,N902AV
O17110-26,26/07/2026 16:26,27/07/2026,Open,Logged for Statistics,Acceptable (4),GLG- TRACTOR IN BAD CONDITIONS,N919AV
O17320-26,26/07/2026 16:09,30/07/2026,Open,Logged for Statistics,Acceptable (1),GLG- BAGGAGE TAGGING DISCREPANCY WITH LIVE ANIMALS,N919AV
O17104-26,26/07/2026 14:27,27/07/2026,Open,Logged for Statistics,Acceptable (1),"AVA- BAGGAGE&quot, DROPPED DURING UNLOADING",HK-5410
O17103-26,26/07/2026 14:13,27/07/2026,Open,Logged for Statistics,Acceptable (4),AVA- KOB CARGO UNSECURED,HK-5410
O17101-26,26/07/2026 14:00,27/07/2026,Open,Logged for Statistics,Acceptable (4),GUG- FOREIGN OBJECT ON RIGHT MAIN LANDING GEAR DURING REFUELING,N538AV
O17100-26,26/07/2026 13:00,27/07/2026,Open,Logged for Statistics,Acceptable (4),AVA- MISSED OFFLOAD ALERT DURING FLIGHT FINAL APPROACH,N938AV
O17099-26,26/07/2026 12:00,27/07/2026,In Progress,Assessment Only,Acceptable (4),AVA- EXTERNAL GORUND POWER UNIT FAILURE AT CLO,N957AV
O17089-26,26/07/2026 10:50,27/07/2026,Open,Logged for Statistics,Acceptable (1),AVA- POTENTIAL BAGGAGE DAMAGE DUE TO WORN BELT WITH EXPOSED PROTECTORS,HC-CSF
O17088-26,26/07/2026 10:42,27/07/2026,Open,Logged for Statistics,Acceptable (4),AVA- EXPIRED FIRE EXTINGUISHER,N422AV
O17087-26,26/07/2026 10:41,27/07/2026,Open,Logged for Statistics,Acceptable (4),AVA- ELECTRONIC CIGARETTE REMOVAL DURING BAGGAGE INSPECTION,N764AV
O17085-26,26/07/2026 10:30,27/07/2026,Open,Logged for Statistics,Acceptable (1),AVA- COMFORT KIT LOADSHEET DISCREPANCY,N958AV
O17084-26,26/07/2026 10:30,27/07/2026,Open,Assessment Only,Acceptable (4),AVA- FUEL LEAK DURING REFUELING DUE TO LOOSE SCREWS,N951AV
O17083-26,26/07/2026 10:18,27/07/2026,Open,Logged for Statistics,Acceptable (4),AVA- REMOVAL OF PORTABLE BATTERY DURING SECURITY INSPECTION,HK-5389
O17072-26,26/07/2026 08:33,27/07/2026,Open,Logged for Statistics,Acceptable (4),AVA- OPEN CARGO BOXES WITH SPILLED CONTENT DURING UNLOADING,N726AV
O17056-26,26/07/2026 01:09,27/07/2026,Open,Logged for Statistics,Acceptable (4),AVA- POWER BANK DETECTED IN BAGGAGE SCREENING LEVEL 4,N960AV
O17055-26,26/07/2026 01:00,27/07/2026,Open,Logged for Statistics,Acceptable (4),CSB- CARGO LOADER PLATFORM MALFUNCTION DURING LOADING,
O17054-26,25/07/2026 23:00,27/07/2026,Open,Logged for Statistics,Acceptable (4),TPA- PALLET FALL DURING REAR CARGO UNLOADING,N332QT
O17053-26,25/07/2026 22:58,27/07/2026,Open,Logged for Statistics,Acceptable (4),TPA- UNSAFE UNLOADING TO ULD DURING RAMP HANDLING,N332QT
O17052-26,25/07/2026 21:00,27/07/2026,Open,Logged for Statistics,Acceptable (4),AVA- STAIRS IN BAD CONDITIONS,N398AV
O17051-26,25/07/2026 20:16,27/07/2026,Open,Logged for Statistics,Acceptable (2),AVA- BAGGAGE COMPARTMENT NET UNSECURED,N743AV
O17048-26,25/07/2026 18:36,27/07/2026,Open,Logged for Statistics,Acceptable (4),TPA- CARGO LOADER HYDRAULIC FLUID LEAK,N334QT
O17047-26,25/07/2026 18:27,27/07/2026,Open,Logged for Statistics,Acceptable (4),TPA- INCORRECT CARGO NET SECURING DURING LOADING,N334QT
O17045-26,25/07/2026 18:15,27/07/2026,Open,Logged for Statistics,Acceptable (1),AVA- COMAT LOADSHEET DISCREPANCY,N946AV
O17041-26,25/07/2026 17:00,27/07/2026,Open,Logged for Statistics,Acceptable (2),TPA- GROUND VEHICLE WITHOUT CHOCKS,N334QT
O17040-26,25/07/2026 17:00,27/07/2026,Open,Logged for Statistics,Acceptable (1),AVA- DISCHARGED FIRE EXTINGUISHER ON CONVEYOR,N206FR
O17038-26,25/07/2026 16:35,27/07/2026,Open,Logged for Statistics,Acceptable (1),AVA- UNAUTHORIZED LEADER SIGNATURE USE,HK-5421
O17037-26,25/07/2026 16:22,27/07/2026,Open,Logged for Statistics,Acceptable (4),TPA- CARGO LOADER IN BAD CONDITIONS,N334QT
O17036-26,25/07/2026 16:00,27/07/2026,In Progress,Assessment Only,Tolerable (20),AVA- RUNWAY AND TAXIWAY SURFACE DETERIORATION AT CTG,HK-5425
O17032-26,25/07/2026 15:19,27/07/2026,Open,Logged for Statistics,Acceptable (4),AVA- PUSHBACK INITIATED WITHOUT REQUIRED WANDS,HK-5366
O17031-26,25/07/2026 15:15,27/07/2026,Open,Logged for Statistics,Acceptable (4),AVA- IMPROPER BAGGAGE HANDLING AT CLO,HK-5423
O17027-26,25/07/2026 14:14,27/07/2026,Open,Logged for Statistics,Acceptable (4),AVA- CARGO LOADED WITHOUT REQUIRED CEILING CLEARANCE,N411AE
O19381-26,25/07/2026 11:59,20/08/2026,Open,Logged for Statistics,Acceptable (1),AVA- LOAD DISCREPANCY DURING CARGO UNLOADING,N281AV
O17016-26,25/07/2026 11:38,27/07/2026,Open,Logged for Statistics,Acceptable (1),AVA- BAGGAGE DROPPED DURING UNLOADING,N726AV
O17014-26,25/07/2026 10:50,27/07/2026,Open,Logged for Statistics,Acceptable (1),AVA- AIRCRAFT WITH INCOMPLETE CHOCKING CONFIGURATION,N945AV
O17172-26,25/07/2026 10:00,28/07/2026,Open,Logged for Statistics,Acceptable (2),AVA- UNSAFE ACT WALK UNDER AIRCRAFT,N477AV
O17012-26,25/07/2026 10:00,27/07/2026,Open,Logged for Statistics,Acceptable (4),AVA- UNSECURED DANGEROUS GOODS CARGO DURING LOADING,N967AV
O17011-26,25/07/2026 09:55,27/07/2026,Open,Logged for Statistics,Acceptable (4),AVA- PAYMOVER FAILURE DURING PUSHBACK AT MTR,N345AV
O17010-26,25/07/2026 09:26,27/07/2026,Open,Logged for Statistics,Acceptable (1),AVA- MISSING FOD BAG ON CONVEYOR,N950AV
O17003-26,25/07/2026 07:33,27/07/2026,Open,Logged for Statistics,Acceptable (10),AVA- BAGGAGE OBSTRUCTING LIVE ANIMAL VENTILATION IN CARGO BAY,N950AV
O17002-26,25/07/2026 07:00,27/07/2026,Open,Logged for Statistics,Acceptable (1),AVA- PASSENGER WHEELCHAIR ASSISTANCE SERVICE OMISSION AT ARRIVAL,N786AV
O17000-26,25/07/2026 06:00,27/07/2026,Open,Logged for Statistics,Acceptable (1),AVA- AIRCRAFT WITH INCOMPLETE CHOCKING CONFIGURATION,N230AC
O16998-26,25/07/2026 05:44,27/07/2026,In Progress,Assessment Only,Tolerable (20),AVA- PAVEMENT DEFICIENCY AT RUNWAY AT BAQ,N763AV
O16997-26,25/07/2026 05:35,27/07/2026,Open,Logged for Statistics,Acceptable (4),AVA- CARGO LOADED WITHOUT REQUIRED CEILING CLEARANCE,N195AV
O16996-26,25/07/2026 05:09,27/07/2026,Open,Logged for Statistics,Acceptable (4),TPA- GSE INSIDE THE AIRCRAFT SAFETY AREA DURING ARRIVAL,N332QT
O16995-26,25/07/2026 03:48,27/07/2026,Open,Logged for Statistics,Acceptable (1),TAI- JET BRIDGE INOPERATIVE,N940AV
O16988-26,25/07/2026 00:24,27/07/2026,Open,Logged for Statistics,Acceptable (4),AVA- UNSAFE ACT DURING CONVEYOR BELT OPERATION,HK-5367
O16983-26,24/07/2026 23:56,27/07/2026,Open,Logged for Statistics,Acceptable (1),AVA- UNSECURED CARGO STRAPS IN FORWARD HOLD,HK-5352
O16982-26,24/07/2026 23:44,27/07/2026,Open,Assessment Only,Acceptable (4),AVA- FUELING DURING PASSENGER DISEMBARKATION WITH DOOR CLOSED,HK-5352
O16977-26,24/07/2026 22:07,27/07/2026,In Progress,Assessment Only,Acceptable (4),AVA- FUEL SPILL DURING FUELING,N951AV
O16974-26,24/07/2026 20:50,27/07/2026,Open,Logged for Statistics,Acceptable (4),AVA- AIRCRAFT DOOR OPENED AFTER WAIT INSTRUCTION,N536AV
O16972-26,24/07/2026 19:23,27/07/2026,Open,Logged for Statistics,Acceptable (1),AVA- WRONG PROCEDURE PAYMOVER WITHOUT 360 CHECK,HK-5424
O16968-26,24/07/2026 18:50,27/07/2026,Open,Logged for Statistics,Acceptable (4),AVA- BAGGAGE ARRIVED OPEN [DG],HK5389
O16967-26,24/07/2026 18:30,27/07/2026,Open,Logged for Statistics,Acceptable (4),AVA- CARGO LOADED WITHOUT REQUIRED CEILING CLEARANCE,N945AV
O16963-26,24/07/2026 17:53,27/07/2026,Open,Logged for Statistics,Acceptable (1),GLG- CARGO DROPPED DURING UNLOADING,HC-CJW
O16961-26,24/07/2026 16:45,27/07/2026,Open,Logged for Statistics,Acceptable (1),AVA- CATERING APPROACH WITHOUT GUIDE MAN,N726AV
O16984-26,24/07/2026 16:35,27/07/2026,Open,Logged for Statistics,Acceptable (1),AVA- BAGGAGE ARRIVED OPEN AT GRU,HK-5365
O16956-26,24/07/2026 15:50,27/07/2026,Open,Logged for Statistics,Acceptable (4),TAI- UNSAFE JETBRIDGE OPERATION,N689TA
O16955-26,24/07/2026 15:44,27/07/2026,Open,Logged for Statistics,Acceptable (2),AVA-EXPIRED FIRE EXTINGUISHER,N992AV
O16954-26,24/07/2026 15:03,27/07/2026,Open,Logged for Statistics,Acceptable (4),AVA- LATE LOADSHEET UPDATE AND CARGO HANDLING DELAY,N764AV
O16953-26,24/07/2026 15:01,27/07/2026,Open,Logged for Statistics,Acceptable (4),AVA-IMPROPERLY SECURED KOB,HK-5366
O16952-26,24/07/2026 15:00,27/07/2026,In Progress,Assessment Only,Tolerable (20),AVA- INSUFFICIENT DELIMITATION AND MARKINGS AT AIRPORT,N253AC
O17170-26,24/07/2026 14:08,28/07/2026,Open,Logged for Statistics,Acceptable (1),GLG- BAGGAGE DISCREPANCY DETECTED DURING SECURITY INSPECTION,HC-CTX
O16950-26,24/07/2026 13:57,27/07/2026,Open,Logged for Statistics,Acceptable (4),TPA- COLLAPSED CARGO RECEIVED DUE TO WRONG PALLETIZATION,
O16941-26,24/07/2026 12:00,27/07/2026,Open,Logged for Statistics,Acceptable (2),AVA- WRONG GRN PROCEDURE FM MOBILE SIGN IN RAMP AT MDE,N411AV
O16939-26,24/07/2026 12:00,27/07/2026,In Progress,Assessment Only,Acceptable (4),AVA- GPU FAILURE AFFECTING AIRCRAFT SYSTEMS,N951AV
O16937-26,24/07/2026 12:00,27/07/2026,Open,Logged for Statistics,Acceptable (1),AVA- ACCESS CODE FAILURE AT JET BRIDGE POSITION A07,N966AV
O16936-26,24/07/2026 11:31,27/07/2026,Open,Logged for Statistics,Acceptable (2),GLG- GSE IMPROPERLY CHOCKED (STAIR),HC-CJV
O16867-26,24/07/2026 10:54,24/07/2026,Open,Logged for Statistics,Acceptable (1),AVA- LOAD DISCREPANCY DUE TO UNLISTED COMFORT KIT IN BIN FIVE,N426AV
O17169-26,24/07/2026 10:32,28/07/2026,Open,Logged for Statistics,Acceptable (4),GLG- [DG] DANGEROUS GOODS DETECTION DURING BAGGAGE INSPECTION AT GPS,N919AV
O17168-26,24/07/2026 10:26,28/07/2026,Open,Logged for Statistics,Acceptable (4),GLG- [DG] HIDDEN DANGEROUS GOODS DETECTED IN INSPECTION AT GPS,N919AV
O17097-26,24/07/2026 08:45,27/07/2026,Open,Logged for Statistics,Acceptable (1),TAI- USED CIGARETTE BUTTS FOUND IN REAR CARGO COMPARTMENT,N939AV
O16861-26,24/07/2026 06:20,24/07/2026,Open,Logged for Statistics,Acceptable (4),AVA- [DG] DANGEROUS GOODS INCORRECTLY LOADED,N743AV
O16927-26,24/07/2026 02:20,27/07/2026,Open,Logged for Statistics,Acceptable (4),AVA- [DG] HIDDEN DANGEROUS GOODS DETECTED IN INSPECTION AT LIM,N599AV
O16926-26,24/07/2026 01:55,27/07/2026,Open,Logged for Statistics,Acceptable (4),AVA- DANGEROUS GOODS DETECTION DURING BAGGAGE SCREENING,N599AV
O16854-26,23/07/2026 21:00,24/07/2026,Open,Logged for Statistics,Acceptable (4),TAI- JET BRIDGE LIMIT MESSAGE DUE TO PARKING MARK MISALIGNMENT,
O16591-26,23/07/2026 10:32,23/07/2026,Open,Logged for Statistics,Acceptable (1),AVA- COMFORT KIT LOADSHEET DISCREPANCY,N755AV
O16827-26,23/07/2026 05:50,24/07/2026,Open,Logged for Statistics,Acceptable (4),TPA- IMPROPER FORKLIFT OPERATION DURING CARGO RECEIPT,N335QT
O16303-26,22/07/2026 13:31,22/07/2026,Open,Logged for Statistics,Acceptable (1),GUG- LOADSHEET ERROR DUE TO UNNOTIFIED PASSENGER OFFLOAD,N538AV
O16908-26,22/07/2026 10:41,27/07/2026,Open,Logged for Statistics,Acceptable (1),GLG- BAGGAGE DISCREPANCY DETECTED DURING SECURITY INSPECTION,N776AV
O16418-26,22/07/2026 07:30,23/07/2026,Open,Logged for Statistics,Acceptable (4),GLG- LOAD PRIORITY DISCREPANCY DURING CARGO LOADING,HC-CTX
O16419-26,22/07/2026 01:38,23/07/2026,Open,Logged for Statistics,Acceptable (4),TPA- INCOMPLETE RAMP BRIEFING ATTENDANCE BEFORE AIRCRAFT ARRIVAL,
O16271-26,21/07/2026 14:00,21/07/2026,In Progress,Assessment Only,Tolerable (20),AVA- MLG SANK INTO APRON ASPHALT DURING PUSHBACK AT CTG,N647AV
O16370-26,21/07/2026 12:00,23/07/2026,Open,Logged for Statistics,Acceptable (4),TAI- MISSED BAGGAGE OFFLOAD AT LAS STATION,N904AV
O16366-26,21/07/2026 12:00,23/07/2026,Open,Logged for Statistics,Acceptable (1),TPA- IMPROPERLY INSTALLED SAFETY LOCK DURING GROUND HANDLING,N331QT
O16365-26,21/07/2026 12:00,23/07/2026,In Progress,Assessment Only,Tolerable (20),TAI- LOAD DISCREPANCY DUE TO CARGO OFFLOAD RECORD MISMATCH,N454AV
O16378-26,21/07/2026 10:45,23/07/2026,Open,Logged for Statistics,Acceptable (1),AVA- WRONG GRN PROCEDURE FM MOBILE SIGN IN RAMP AT BOG,HK-5393
O16379-26,21/07/2026 10:33,23/07/2026,Open,Logged for Statistics,Acceptable (1),AVA- COMFORT KIT LOADSHEET DISCREPANCY,N345AV
O16401-26,21/07/2026 05:15,23/07/2026,Open,Logged for Statistics,Acceptable (4),TPA- INSUFFICIENT GROUND HANDLING PERSONNEL DURING CARGO OPERATIONS,N332QT
O16404-26,21/07/2026 02:00,23/07/2026,Open,Logged for Statistics,Acceptable (4),TAI- OVERWEIGHT FLIGHT DUE TO UNAUTHORIZED CARGO LOADING,N454AV
O16408-26,20/07/2026 23:32,23/07/2026,Open,Logged for Statistics,Acceptable (1),AVA- BAGGAGE DISCREPANCY DURING UNLOADING AT CLO,HK-5320
O16704-26,20/07/2026 22:20,24/07/2026,In Progress,Assessment Only,Tolerable (20),AVA- LOOSE PIN ON NOSE GEAR TOWBAR DURING TAXI,N207FR
O16413-26,20/07/2026 20:56,23/07/2026,Open,Logged for Statistics,Acceptable (1),AVA- COMFORT KIT LOADSHEET DISCREPANCY,N345AV
O16428-26,20/07/2026 20:30,23/07/2026,In Progress,Assessment Only,Tolerable (20),AVA- POTENTIAL GROUND EQUIPMENT IMPACT DURING PUSHBACK,N796AV
O16445-26,20/07/2026 16:00,23/07/2026,Open,Logged for Statistics,Acceptable (4),TAI- JET BRIDGE UNEXPECTED LOWERING DURING DISEMBARKATION,N940AV
O16474-26,20/07/2026 07:50,23/07/2026,Open,Logged for Statistics,Acceptable (4),AVA- GROUND EQUIPMENT FAILURE DURING AIRCRAFT TOWING,N960AV
O16475-26,20/07/2026 07:45,23/07/2026,Open,Logged for Statistics,Acceptable (4),AVA- GROUND EQUIPMENT IMPACT RISK DURING PARKING MANEUVER,N957AV
O16479-26,20/07/2026 07:20,23/07/2026,Open,Logged for Statistics,Acceptable (4),TAI- ELECTRICAL FAILURE ON JET BRIDGE LEVELING ARM,N946AV
O16481-26,20/07/2026 07:00,23/07/2026,Open,Logged for Statistics,Acceptable (1),AVA- UNAUTHORIZED LEADER SIGNATURE USE,HK-5395
O16484-26,20/07/2026 06:32,23/07/2026,Open,Logged for Statistics,Acceptable (4),AVA- POTENTIAL RUNWAY CROSSING RISK DUE TO INCORRECT PIT CLOSURE,HC-CTX
O16495-26,20/07/2026 03:25,23/07/2026,Open,Logged for Statistics,Acceptable (4),TNO- POTENTIAL CARGO LOADER MISALIGNMENT DURING LOADING,N338QT
O16496-26,20/07/2026 03:08,23/07/2026,Open,Logged for Statistics,Acceptable (4),TPA- AIRCRAFT MISALIGNMENT DURING PARKING OPERATION,
O16499-26,20/07/2026 00:50,23/07/2026,Open,Logged for Statistics,Acceptable (1),AVA- COMFORT KIT LOADSHEET DISCREPANCY,N945AV
O16535-26,19/07/2026 15:00,23/07/2026,Open,Logged for Statistics,Acceptable (4),TNO- WOOD CHIPS FOUND IN CARGO COMPARTMENT DURING UNLOADING,N334QT
O16546-26,19/07/2026 12:46,23/07/2026,In Progress,Assessment Only,Acceptable (4),GLG- [DG] OVERFLOWN RADIACTIVE MATERIAL RRY CARGO AT UIO,N775AV
O16560-26,19/07/2026 08:00,23/07/2026,Open,,Acceptable (4),TPA- POTENTIAL RESTRICTED PARKING POSITION FOR A332,N332QT
O16699-26,19/07/2026 04:30,24/07/2026,Open,Logged for Statistics,Acceptable (4),AVA- DANGEROUS GROUND VEHICLE OPERATION NEAR AIRCRAFT SAFETY DIAMOND,N955AV
O16696-26,19/07/2026 00:03,24/07/2026,Open,Logged for Statistics,Acceptable (1),AVA- UNREGISTERED BAGGAGE FOUND IN REAR BULK CARGO,N416AV
O16694-26,18/07/2026 23:17,24/07/2026,Open,Logged for Statistics,Acceptable (4),TPA- PREMATURE PALLET RESTRAINT REMOVAL DURING LOADING,N332QT
O16683-26,18/07/2026 19:44,24/07/2026,Open,Logged for Statistics,Acceptable (4),TPA- LOAD MASTER ABSENT DURING FLIGHT BRIEFING,N335QT
O16599-26,18/07/2026 12:00,23/07/2026,Open,Logged for Statistics,Acceptable (4),AVA- PASSENGER STAIRS IN BAD CONDITIONS,N764AV
O16279-26,18/07/2026 07:30,22/07/2026,In Progress,Assessment Only,Acceptable (4),TPA- ULD DROPPED FROM DOLLIE DURING RAMP TRANSPORT,N331QT
O16636-26,18/07/2026 01:34,24/07/2026,Open,Logged for Statistics,Acceptable (4),AVA- MISSED OFFLOAD OF BAGGAGE DURING GROUND HANDLING,
O16632-26,18/07/2026 00:10,24/07/2026,Open,Logged for Statistics,Acceptable (4),AVA- CARGO FALL FROM AIRCRAFT HOLD DURING UNLOADING,N938AV
O16811-26,17/07/2026 19:25,24/07/2026,Open,Logged for Statistics,Acceptable (4),AVA- JET BRIDGE CONTACT WITH AIRCRAFT NO DAMAGE FOUND,N755AV
O16617-26,17/07/2026 19:00,24/07/2026,Open,Logged for Statistics,Acceptable (4),AVA- POTENTIAL GROUND EQUIPMENT BRAKE FAILURE AT JET BRIDGE POSITIONS,N755AV
O16805-26,17/07/2026 16:40,24/07/2026,Open,Logged for Statistics,Acceptable (4),AVA- DELAYED RAMP LEADER ARRIVAL AND MISSING AIRCRAFT INSPECTIONS,N557AV
O16798-26,17/07/2026 13:45,24/07/2026,In Progress,Assessment Only,Tolerable (20),AVA- FUELING WITH RAMP CLOSED AND PASSENGERS ONBOARD,HK-5390
O16253-26,17/07/2026 13:24,21/07/2026,Open,Logged for Statistics,Acceptable (10),AVA- PAYMOVER OPERATING WITH A REJECTED CHECKLIST AT BOG,N785AV
O19409-26,17/07/2026 12:00,20/08/2026,Open,,,GUG- APU USE DURING ENGINE START WITH PNEUMATIC FAILURE,N686TA
O19172-26,17/07/2026 12:00,19/08/2026,Open,,,TNO- INCORRECT CARGO SECUREMENT ON PALLET,N335QT
O16787-26,17/07/2026 12:00,24/07/2026,Open,Assessment Only,Acceptable (4),AVA- CARGO OVERFLOWN AFTER MISSED OFFLOAD REPORTING,N411AV
O16254-26,17/07/2026 08:21,21/07/2026,Open,Logged for Statistics,Acceptable (10),AVA- GROUND STAFF AROUND THE AIRCRAFT BEFORE ENGINE SHUTDOWN AT BOG,N230AC
O17527-26,17/07/2026 05:00,03/08/2026,Open,Logged for Statistics,Acceptable (1),AVA- PERISHABLE CARGO CUT DUE TO HANDLING DELAY,N962AV
O18346-26,17/07/2026 04:00,11/08/2026,Open,,,GUG- APU OPERATION AUTHORIZED FOR ENGINE START WITH INOPERATIVE PNEUMATIC SYSTEM,N538AV
O16228-26,16/07/2026 21:23,17/07/2026,Open,Logged for Statistics,Acceptable (4),AVA- UNAUTHORIZED CONVEYOR OPERATION DURING RAMP HANDLING,N745AV
O16758-26,16/07/2026 12:19,24/07/2026,Open,Assessment Only,Acceptable (4),AVA- FUEL LEAK DURING REFUELING,N647AV
O16211-26,16/07/2026 12:07,17/07/2026,Open,Logged for Statistics,Acceptable (4),TPA- DELAYED MARSHALLER POSITIONING DURING AIRCRAFT PARKING,N335QT
O16205-26,16/07/2026 10:07,17/07/2026,Open,Logged for Statistics,Acceptable (4),TAI- AIRCRAFT PUSHBACK WITH JET BRIDGE STILL ATTACHED,N934AG
O15863-26,16/07/2026 09:19,16/07/2026,Open,Logged for Statistics,Acceptable (4),TPA- INCORRECT AIRCRAFT POSITIONING DURING PARKING,N335QT
O16196-26,16/07/2026 05:54,17/07/2026,Open,Assessment Only,Acceptable (4),AVA- GROUND POWER UNIT OPERATION WITH ACTIVE RESTRICTION,N726AV
O16186-26,16/07/2026 02:04,17/07/2026,Open,Logged for Statistics,Acceptable (4),CSB- ULD DROPPED FROM DOLLIE DURING RAMP TRANSPORT,
O16168-26,15/07/2026 18:00,17/07/2026,In Progress,Assessment Only,Tolerable (20),AVA- [DG] LACK NOTIFICATION TO CAPTAIN AT BOG,N562AV
O16154-26,15/07/2026 15:10,17/07/2026,Open,Logged for Statistics,Acceptable (4),GLG- SIMULTANEOUS BOARDING REFUELING AND CATERING LOADING PRECAUTIONARY,HC-CJV
O16137-26,15/07/2026 11:30,17/07/2026,Open,Logged for Statistics,Acceptable (4),AVA- POTENTIAL PLATFORM DRAINAGE BLOCKAGE AT RAMP AREA,N945AV
O16132-26,15/07/2026 09:10,17/07/2026,Open,Logged for Statistics,Acceptable (4),GLG- BAGGAGE DISCREPANCY DUE TO INCORRECT COMPARTMENT LOADING,HC-CTX
O16125-26,15/07/2026 05:10,17/07/2026,Open,Assessment Only,Acceptable (4),AVR- ELECTRICAL FAILURE DUE TO GPU LOW FUEL SHUTOFF,N724AV
O16119-26,14/07/2026 23:33,17/07/2026,Open,Logged for Statistics,Acceptable (4),TPA- AIRCRAFT IMPROPERLY PARKED AT GATE,N332QT
O16018-26,14/07/2026 22:51,17/07/2026,In Progress,Assessment Only,Acceptable (4),AVA- LOADSHEET DISCREPANCY AT MCO BY DSP,N942AV
O16113-26,14/07/2026 20:38,17/07/2026,Open,Logged for Statistics,Acceptable (1),AVA- MISSED OFFLOAD OF CARGO BLANKETS AFTER FLIGHT,N253AC
O16112-26,14/07/2026 17:55,17/07/2026,Open,Logged for Statistics,Acceptable (4),TPA- POTENTIAL AIRCRAFT STRUCTURE IMPACT DURING LOADING,N342AV
O16084-26,14/07/2026 12:00,17/07/2026,Open,Logged for Statistics,Acceptable (4),TPA- PALLET CONTACT WITH MAIN DECK WALL DURING LOADING,N342AV
O16069-26,14/07/2026 10:17,17/07/2026,Open,Logged for Statistics,Acceptable (1),AVA- BAGGAGE DISCREPANCY WITH OPEN COMFORT KIT COMFORT,N253AC
O16046-26,14/07/2026 05:40,17/07/2026,Open,Logged for Statistics,Acceptable (4),GLG- FUELING DURING PASSENGER DISEMBARKATION WITH DOOR CLOSE,HC-CJW
O16039-26,13/07/2026 23:50,17/07/2026,Open,Logged for Statistics,Acceptable (4),LRC- POTENTIAL CARGO INSTABILITY DURING UNLOADING FOUND AT SJO,N938AV
O16038-26,13/07/2026 23:00,17/07/2026,Open,Logged for Statistics,Acceptable (4),AVA- GROUND HANDLING COMMUNICATION FAILURE CAUSING DEPARTURE DELAY,N931AV
O16026-26,13/07/2026 18:15,17/07/2026,Open,Logged for Statistics,Acceptable (4),AVA- AIRCRAFT TILT DURING REMOTE DISEMBARKATION,HK-5423
O16012-26,13/07/2026 16:15,17/07/2026,Open,Logged for Statistics,Acceptable (4),TAI- GROUND POWER UNIT FAILURES DURING PREBOARDING,N195AV
O16008-26,13/07/2026 16:00,17/07/2026,In Progress,Full Investigation,Tolerable (20),AVA- UNAUTHORIZED TOW BAR REMOVAL DURING PUSHBACK,N647AV
O15986-26,13/07/2026 12:00,17/07/2026,Open,Logged for Statistics,Acceptable (4),AVA- PROHIBITED FLAMMABLE LIQUID DETECTION IN CHECKED BAGGAGE,N776AV
O15970-26,13/07/2026 06:34,17/07/2026,Open,Logged for Statistics,Acceptable (1),AVA- LOAD DISCREPANCY IN REAR CARGO COMPARTMENT,N776AV
O15958-26,13/07/2026 01:29,17/07/2026,Open,Logged for Statistics,Acceptable (4),TPA- MANUAL RELEASE OF DOOR LOCKS DURING UNLOADING,N332QT
O15956-26,12/07/2026 23:45,17/07/2026,Open,Logged for Statistics,Acceptable (4),LRC- POTENTIAL LOAD HANDLING RISK DUE TO OVERWEIGHT PALLETS FOUND AT SJO,N930AV
O15915-26,12/07/2026 12:00,17/07/2026,Open,Logged for Statistics,Acceptable (4),AVA- LOAD DISCREPANCY DURING CARGO UNLOADING,N748AV
O15902-26,12/07/2026 08:21,17/07/2026,Open,Logged for Statistics,Acceptable (4),GUG- POSSIBLE GROUND EQUIPMENT IMPACT DURING DOCKING,N538AV
O15896-26,12/07/2026 06:24,17/07/2026,Open,Logged for Statistics,Acceptable (1),AVA- INCORRECT CARGO LOADING LOCATION DETECTION,N775AV
O15850-26,12/07/2026 06:14,16/07/2026,Open,Logged for Statistics,Acceptable (1),AVA- AC RETURNS TO THE GATE TO CONFIRM NUMBER OF PAX,N959AV
O15840-26,12/07/2026 01:11,16/07/2026,Open,Logged for Statistics,Acceptable (4),TPA- AIRCRAFT MISALIGNED DURING PARKING OPERATION,
O15831-26,11/07/2026 20:00,16/07/2026,Open,Logged for Statistics,Acceptable (4),GUG- GROUND EQUIPMENT IMPACT WITH AIRPORT STRUCTURE,N538AV
O16071-26,11/07/2026 16:46,17/07/2026,Open,Logged for Statistics,Acceptable (4),AVA- GROUND EQUIPMENT IMPACT DURING PUSHBACK POSITIONING,N943AV
O15817-26,11/07/2026 14:45,16/07/2026,Open,Logged for Statistics,Acceptable (4),AVA- LOAD DISCREPANCY DURING COMAT UNLOADING,N963AV
O15804-26,11/07/2026 11:15,16/07/2026,Open,Logged for Statistics,Acceptable (2),AVA- UNAUTHORIZED REFUELING DURING DEBOARDING,N416AV
O16594-26,11/07/2026 06:00,23/07/2026,In Progress,Assessment Only,Tolerable (20),GLG- UNAUTHORIZED PUSHBACK AT UIO GLG1690,HC-CJV
O15784-26,11/07/2026 02:22,16/07/2026,In Progress,Assessment Only,Acceptable (4),TAI- EXTERNAL GORUND POWER UNIT FAILURE AT MIA,N862AV
O15782-26,11/07/2026 00:17,16/07/2026,Open,Logged for Statistics,Acceptable (4),TPA- USE OF UNSUITABLE DOLLY FOR CARGO POSITIONING,
O15780-26,10/07/2026 23:32,16/07/2026,Open,Logged for Statistics,Acceptable (4),TPA- CARGO DISPLACEMENT DURING LOADING OPERATIONS,N342AV
O15733-26,10/07/2026 11:50,16/07/2026,Open,Logged for Statistics,Acceptable (4),AVA- GROUND POWER UNIT FAILURE DURING AIRCRAFT TRANSIT,HK-5425
O15695-26,10/07/2026 10:15,14/07/2026,Open,Logged for Statistics,Acceptable (1),AVA- COMFORT KIT NOT REPORTED IN SYSTEM,HK-5408
O15666-26,09/07/2026 17:51,14/07/2026,In Progress,Assessment Only,Acceptable (4),GLG- CARGO LOADED WITHOUT REQUIRED CEILING CLEARANCE,HC-CJW
O15729-26,09/07/2026 16:40,16/07/2026,In Progress,Assessment Only,Acceptable (4),TAI- UNSAFE CLEANING PRACTICE CREATING FOD HAZARD,N862AV
O15658-26,09/07/2026 15:01,14/07/2026,Open,Logged for Statistics,Acceptable (4),AVA- LOAD DISCREPANCY DETECTED DURING FLIGHT PUJ BOG,N763AV
O15643-26,09/07/2026 12:00,14/07/2026,In Progress,Assessment Only,Acceptable (4),AVA- GPU FAILURE AFFECTING AIRCRAFT SYSTEMS,N599AV
O15640-26,09/07/2026 12:00,14/07/2026,In Progress,Assessment Only,Acceptable (4),GLG- GROUND EQUIPMENT CROSSING BEHIND AIRCRAFT BEFORE DEPARTURE,HC-CJW
O15638-26,09/07/2026 11:20,14/07/2026,In Progress,Assessment Only,Tolerable (21),AVA- BEACON DEACTIVATED BEFORE ENGINE SHUTDOWN,HK-5407
O15633-26,09/07/2026 10:19,14/07/2026,Open,Logged for Statistics,Acceptable (1),AVA- WRONG GRN PROCEDURE FM MOBILE SIGN IN RAMP AT BOG,N741AV
O15631-26,09/07/2026 10:13,14/07/2026,In Progress,Assessment Only,Acceptable (4),AVA- PUSHBACK INITIATED WITHOUT WING WALKERS,N688TA
O15629-26,09/07/2026 09:16,14/07/2026,In Progress,Assessment Only,Acceptable (4),AVA- UNSAFE ACT AND OBSTRUCTION OF OPERATIONAL PROCESSES,N688TA
O15628-26,09/07/2026 07:15,14/07/2026,Open,Logged for Statistics,Acceptable (4),AVA- WRONG GRN PROCEDURE FM MOBILE SIGN IN RAMP AT BOG,HK-5424
O15625-26,09/07/2026 06:00,14/07/2026,Open,Logged for Statistics,Acceptable (4),AVA- UNAUTHORIZED LEADER SIGNATURE USE,N724AV
O15622-26,09/07/2026 05:20,14/07/2026,In Progress,Assessment Only,Acceptable (4),AVA- MISCOORDINATION DURING PUSHBACK AND ENGINE START,HK-5353
O15564-26,08/07/2026 06:00,14/07/2026,Open,Logged for Statistics,Acceptable (1),TPA- LACK OF GROUND EQUIPMEMT AT UIO,N336QT
O15547-26,07/07/2026 22:44,14/07/2026,In Progress,Assessment Only,Acceptable (4),LRC- INADEQUATE CONTROL OF LANDING GEAR GROUND SAFETY PIN IN RAMP AT BOG,N967AV
O15546-26,07/07/2026 22:40,14/07/2026,Open,Logged for Statistics,Acceptable (4),AVA- SAFETY DEVICES NOT REMOVED BEFORE DEPARTURE,N964AV
O15545-26,07/07/2026 22:37,14/07/2026,Open,Logged for Statistics,Acceptable (4),TPA- ULD DROPPED FROM DOLLIE DURING RAMP TRANSPORT,N342AV
O15542-26,07/07/2026 20:43,14/07/2026,Open,Assessment Only,Acceptable (2),AVA- MISSING CHOCKS ON LEFT MAIN LANDING GEAR,HK-5421
O15407-26,07/07/2026 07:15,09/07/2026,Open,Logged for Statistics,Acceptable (4),AVA- INCORRECT AIRCRAFT POSITIONING AND LOAD CLASSIFICATION,N792AV
O15412-26,07/07/2026 05:59,09/07/2026,Open,Logged for Statistics,Acceptable (4),TPA- PALLET FALL OUTSIDE SAFETY AREA AT BOG,
O16249-26,06/07/2026 18:00,21/07/2026,In Progress,Assessment Only,Tolerable (20),AVA- FIRE TRUCK TAXIWAY INCURSION IN FRONT OF TAXIING AIRCRAFT,N741AV
O15436-26,05/07/2026 21:09,09/07/2026,Open,Logged for Statistics,Acceptable (4),AVR- POTENTIAL PASSENGER MANIFEST DISCREPANCY DURING BOARDING,N950AV
O15355-26,05/07/2026 14:58,09/07/2026,Open,Logged for Statistics,Acceptable (2),GLG- GROUND EQUIPMENT ENCROACHING ON SAFETY AREA DURING AIRCRAFT ARRIVAL AT GYE GLG8389,N940AV
O15298-26,05/07/2026 03:26,08/07/2026,Open,Logged for Statistics,Acceptable (1),TAI- WHEELCHAIR COMPONENTS OVERFLOWN,N903AV
O15288-26,04/07/2026 20:57,08/07/2026,Open,Logged for Statistics,Acceptable (4),TPA- DOLLY LATCH MALFUNCTION,N332QT
O15282-26,04/07/2026 19:47,08/07/2026,Open,Logged for Statistics,Acceptable (4),TPA-INSUFFICIENT CARGO OPERATORS,N332QT
O18803-26,04/07/2026 16:25,14/08/2026,Open,,,GLG- AIRCRAFT POSITIONED WITHOUT SUFFICIENT GROUND SUPPORT,HC-CTX
O15212-26,04/07/2026 16:14,07/07/2026,Open,Logged for Statistics,Acceptable (2),GLG- GROUND VEHICLE INTERFERENCE AT UIO GLG7396,N818AV
O15204-26,04/07/2026 14:28,07/07/2026,Open,Logged for Statistics,Acceptable (2),TPA- RESTRICTED GPU USED IN AIRCRAFT OPERATION,N330QT
O15197-26,04/07/2026 12:20,07/07/2026,Open,Logged for Statistics,Acceptable (4),AVA-WEIGHT AND BALANCE DISCREPANCY,N992AV
O15178-26,04/07/2026 07:50,07/07/2026,Open,Logged for Statistics,Acceptable (1),TPA- CGO ARRIVING IN POOR CONDITION,N338QT
O15167-26,04/07/2026 04:35,07/07/2026,In Progress,Assessment Only,Acceptable (4),AVA- AIRCRAFT PARKING PROCEDURE NONCOMPLIANCE,N794AV
O15139-26,03/07/2026 13:45,06/07/2026,Open,Logged for Statistics,Acceptable (2),GUG-BAGGAGE COUNT DISCREPANCY,
O15041-26,03/07/2026 12:00,03/07/2026,In Progress,Assessment Only,Tolerable (20),AVA - LOAD NOT REMOVED,HK-5408
O17793-26,02/07/2026 14:55,04/08/2026,Open,Logged for Statistics,Acceptable (4),AVA- TAX IN WITHOUT REQUIRED WANDS,N557AV
O15280-26,02/07/2026 08:26,08/07/2026,In Progress,Assessment Only,Acceptable (4),AVA- CARGO DISCREPANCY,N745AV
O15275-26,02/07/2026 03:02,08/07/2026,Open,Logged for Statistics,Acceptable (4),TPA-OVERSIZED CARGO PALLET IMPACT,
O14973-26,01/07/2026 21:19,03/07/2026,Open,Logged for Statistics,Acceptable (4),AVA- CATERING CHOCKS NOT USED DURING OPERATION IN RAMP AT CTG,N964AV
O14963-26,01/07/2026 17:30,03/07/2026,In Progress,Assessment Only,Tolerable (20),AVA- UNAUTHORIZED DOOR OPENING LIGHTNING,N958AV
O14948-26,01/07/2026 12:55,03/07/2026,In Progress,Assessment Only,Tolerable (20),EFY- MISROUTED BAGGAGE DETECTED,
O14857-26,30/06/2026 19:40,02/07/2026,Open,Logged for Statistics,Acceptable (1),AVA- LOOSE CARGO NET DIVIDER PIN FOUND UPON ARRIVAL,N946AV
O14849-26,30/06/2026 16:00,02/07/2026,Open,Logged for Statistics,Acceptable (4),TPA- LOAD OUT OF CONTOUR,N331QT
O14841-26,30/06/2026 15:20,02/07/2026,Open,Logged for Statistics,Acceptable (4),AVA- CATERING VEHICLE WHEEL CHOCKS NOT INSTALLED AT MDE,N960AV
O14801-26,30/06/2026 11:19,02/07/2026,Open,Logged for Statistics,Acceptable (1),AVA- CONVEYOR BELT GUARD NOT RAISED,N958AV
O14791-26,30/06/2026 10:19,02/07/2026,Open,Logged for Statistics,Acceptable (1),AVA- COMFORT KIT LOADSHEET DISCREPANCY,N284AV
O14824-26,30/06/2026 09:09,02/07/2026,Open,Logged for Statistics,Acceptable (4),GLG- MISPLACED CARGO CART DETECTION AT UIO GLG1630,HC-CJV
O14819-26,30/06/2026 07:50,02/07/2026,Open,Logged for Statistics,Acceptable (1),GLG- FOD FALLS TO RAMP AT UIO GLG1632,HC-CSF
O14469-26,30/06/2026 07:30,30/06/2026,Open,Logged for Statistics,Acceptable (1),AVA- WRONG GRH PAYMOVER NO 360 CHECK,N785AV
O14777-26,30/06/2026 06:00,02/07/2026,Open,Logged for Statistics,Acceptable (4),TPA- CARGO NETS IN BAD CONDITIONS,N799AV
O14465-26,30/06/2026 05:33,30/06/2026,Open,Logged for Statistics,Acceptable (1),AVA- CONVEYOR APPROACH WITHOUT GUIDE MAN,N207FR
O14755-26,29/06/2026 17:02,02/07/2026,Open,Logged for Statistics,Acceptable (1),AVA - RISK OF DAMAGE TO SPECIAL ASSISTANCE ITEMS,HK-5410
O14750-26,29/06/2026 14:10,02/07/2026,Open,Logged for Statistics,Acceptable (1),AVA- CARGO NETS IMPROPERLY SECURED,HK-5410
O14735-26,29/06/2026 10:41,02/07/2026,Open,Logged for Statistics,Acceptable (1),AVA- UNREGISTERED COMFORT KIT ARRIVAL,N284AV
O14543-26,29/06/2026 07:26,30/06/2026,Open,Logged for Statistics,Acceptable (10),AVA - PAYMOVER OPERATING WITH A REJECTED CHECKLIST,HK-5367
O14703-26,28/06/2026 23:13,02/07/2026,Open,Logged for Statistics,Acceptable (4),AVA - GROUND VEHICLE SAFETY BREACH,N963AV
O14694-26,28/06/2026 20:00,02/07/2026,Open,Logged for Statistics,Acceptable (1),AVA - UNAUTHORIZED LEADER SIGNATURE USE,N728AV
O14728-26,28/06/2026 19:03,02/07/2026,Open,Logged for Statistics,Acceptable (4),GLG- PARKING BRAKE FAILURE (GSE) AT UIO GLG8376,N599AV
O14723-26,28/06/2026 18:30,02/07/2026,In Progress,Assessment Only,Tolerable (20),AVA- DIVERTED FLIGHT PAX ILLNESS,HC-CTX
O14678-26,28/06/2026 14:00,02/07/2026,Open,Logged for Statistics,Acceptable (4),AVA - CONVEYOR SAFETY GUMMERS MISSING,N398AV
O14920-26,28/06/2026 12:32,03/07/2026,Open,Logged for Statistics,Acceptable (4),TPA - BRAKE CHECK PRESSURE LOSS,N335QT
O14671-26,28/06/2026 10:33,02/07/2026,Open,Logged for Statistics,Acceptable (1),AVA - UNREGISTERED COMFORT KIT ARRIVAL,N742AV
O14526-26,28/06/2026 08:25,30/06/2026,Open,Logged for Statistics,Acceptable (1),AVA - CONVEYOR IN BAD CONDITIONS,N207FR
O14645-26,28/06/2026 04:14,01/07/2026,Open,Logged for Statistics,Acceptable (1),AVA - JET WAY IMPROPER DOCKING,HK-5393
O14612-26,27/06/2026 19:51,01/07/2026,Open,Logged for Statistics,Acceptable (4),TPA- GSE SPILLAGE IN RAMP,N335QT
O14473-26,27/06/2026 19:25,30/06/2026,Open,Logged for Statistics,Acceptable (1),AVA – FOD DETECTED ON RAMP,N398AV
O14617-26,27/06/2026 17:55,01/07/2026,Open,Logged for Statistics,Acceptable (4),AVA - PAYMOVER OPERATING WITH A REJECTED CHECKLIST,N647AV
O14648-26,27/06/2026 14:40,01/07/2026,Open,Logged for Statistics,Acceptable (4),TPA- WRONG GRN PROCEDURE CARGO PALLET,HK-5318
O15707-26,27/06/2026 14:30,15/07/2026,Open,Logged for Statistics,Acceptable (1),AVA- DOLLYS IMPROPERLY SECURED,HK-5365
O14573-26,27/06/2026 12:00,30/06/2026,Open,,Acceptable (4),TPA- EQUIPMETN DEFECTIVE AT MDE,N332QT
O14552-26,27/06/2026 09:16,30/06/2026,Open,,Acceptable (4),GLG- WRONG GRN PROCEDURE AT UIO GLG1630,HC-CJW
O14490-26,27/06/2026 08:51,30/06/2026,Open,Logged for Statistics,Acceptable (1),AVA - CONVEYOR WITHOUT RUBBER,N536AV
O14470-26,27/06/2026 06:30,30/06/2026,Open,Logged for Statistics,Acceptable (1),AVA - WRONG GRH PAYMOVER NO 360 CHECK,N647AV
O14586-26,27/06/2026 05:18,30/06/2026,Open,Logged for Statistics,Acceptable (1),GLG- AVIH UNSAFELY LOADED AT MIA GLG7377,HC-CRU
O14524-26,26/06/2026 21:59,30/06/2026,Open,,Acceptable (4),TPA- WRONG GRN PROCEDURE,N330QT
O14522-26,26/06/2026 21:41,30/06/2026,Open,Logged for Statistics,Acceptable (1),AVAOMA - TRAFFIC CONES WITHOUT REFLECTIVE STRIPS,N963AV
O14503-26,26/06/2026 18:07,30/06/2026,Open,Logged for Statistics,Acceptable (1),AVA- LOADSHEET DISCREPANCY,N451AV
O14795-26,26/06/2026 17:00,02/07/2026,Open,Logged for Statistics,Acceptable (4),TPA - AKE DROP E7 POSITION,
O14452-26,26/06/2026 13:35,26/06/2026,Open,Logged for Statistics,Acceptable (4),GLG- WRONG FUEL PROCEDURE AT UIO GLG1676,N776AV
O15029-26,26/06/2026 12:21,03/07/2026,Open,Logged for Statistics,Acceptable (1),AVA - AIRCRAFT ARRIVED WITH MISSING CARGO COMPARTMENT DOOR COVER,N793AV
O14439-26,26/06/2026 09:04,26/06/2026,Open,,Acceptable (1),GLG- CONVEYOR GSE IN BAD CONDITIONS AT GYE GLG1632,N818AV
O14396-26,26/06/2026 07:20,26/06/2026,Open,,Acceptable (4),AVA- WRONG GRN PROCEDURE,N902AV
O14402-26,26/06/2026 06:10,26/06/2026,Open,Logged for Statistics,Acceptable (1),AVR – FOD DETECTED ON RAMP,N284AV
O14407-26,26/06/2026 00:57,26/06/2026,Open,,Acceptable (4),TPA- EQUIPMENT DAMAGE,N336QT
O14425-26,25/06/2026 11:25,26/06/2026,In Progress,Full Investigation,Tolerable (100),AVA- STRUCK IN AIRCRAFT BY CONVEYOR BELT,N477AV
O14424-26,25/06/2026 10:42,26/06/2026,Open,Logged for Statistics,Acceptable (1),AVA- LOADING DISCREPANCY IN FM MOBILE,HK-5319
O14353-26,25/06/2026 07:59,25/06/2026,Open,Logged for Statistics,Acceptable (1),AVA - CARGO NETS IMPROPERLY SECURED,N963AV
O14418-26,25/06/2026 07:04,26/06/2026,Open,,Acceptable (4),AVA- WRONG GRN PROCEDURE,N783AV
O14950-26,25/06/2026 05:01,03/07/2026,Open,Logged for Statistics,Acceptable (4),AVA - REAR COMPARTMENT DOOR FAILURE,N426AV
O14765-26,24/06/2026 22:05,02/07/2026,In Progress,Assessment Only,Tolerable (20),AVA- WHEELCHAIR DISMEBARKING WITHOUT AMBULIT SERVICE,HK-5390
O14389-26,24/06/2026 12:00,26/06/2026,Open,Logged for Statistics,Acceptable (4),TPA- LATCH DAMAGED,N332QT
O14313-26,24/06/2026 02:35,25/06/2026,Open,Logged for Statistics,Acceptable (4),AVA - AEROSOL ITEM DETAINED,N965AV
O14312-26,24/06/2026 00:50,25/06/2026,Open,,Acceptable (4),TPA - MINOR MAIN DECK DAMAGE,
O14310-26,23/06/2026 21:28,25/06/2026,Open,,Acceptable (4),AVA - DANGEROUS TOWING MANEUVER,N451AV
O14256-26,23/06/2026 13:50,24/06/2026,Open,,Acceptable (1),AVA - CARGO NETS IMPROPERLY SECURED,N477AV
O14296-26,23/06/2026 10:25,25/06/2026,Open,,Acceptable (1),AVA - UNREGISTERED COMFORT KIT FOUND,N206FR
O14291-26,23/06/2026 06:59,25/06/2026,Open,,Acceptable (1),AVA- ULD LOAD DISCREPANCY,N796AV
O14287-26,22/06/2026 20:10,25/06/2026,Open,,Acceptable (1),AVA - UNDECLARED COMFORT KITS,N206FR
O14283-26,22/06/2026 11:02,25/06/2026,Open,,Acceptable (4),GLG- VEHICLE CROSSING WITH A/CBEACON ON AT UIO GLG1688,N775AV
O14248-26,22/06/2026 10:31,24/06/2026,Open,,Acceptable (4),AVA- KIT CONFORT NOT DECLARED,N821AV
O14269-26,22/06/2026 10:05,25/06/2026,Open,,Acceptable (4),TPA- CARGO COMPARMENT MINOR DAMAGE,N335QT
O14239-26,22/06/2026 06:03,24/06/2026,Open,,Acceptable (4),TPA- WRONG GRN PROCEDURE,
O14223-26,21/06/2026 01:46,24/06/2026,Open,,Acceptable (4),AVA- [DG] HIDDEN DANGEROUS GOODS DETECTED IN INSPECTION AT LIM,
O14219-26,20/06/2026 18:30,24/06/2026,Open,,Acceptable (1),LRC- DELAY OF AMBULIFT IN RAMP AT SJO,N769AV
O14021-26,20/06/2026 17:00,22/06/2026,Open,,Acceptable (1),TPA- GROND POWER AGP 1040 DEFECTIVE,N331QT
O14062-26,20/06/2026 12:00,22/06/2026,Open,,Acceptable (4),TPA - UNSECURED DOG ON PALLET,N330QT
O14059-26,20/06/2026 11:45,22/06/2026,Open,,Acceptable (4),TPA - CARGO PALLET DROP INCIDENT,
O13962-26,19/06/2026 23:10,22/06/2026,Open,,Acceptable (4),AVA- WRONG GRN PROCEDURE WITH BAGGAGE HANDLING AT BOG,HK-5388
O13982-26,19/06/2026 14:30,22/06/2026,Open,,Acceptable (4),AVA- NO POTABLE WATER AVAILABLE FOT FLT FROM BOG TO TPA,N959AV
O13978-26,18/06/2026 20:43,22/06/2026,Open,,Acceptable (4),TPA - LOAD MISALIGNMENT MAIN DECK,N331QT
O14125-26,18/06/2026 20:02,23/06/2026,Open,,Acceptable (4),TPA- LOADER INOPERATIVE,N336QT
O13940-26,18/06/2026 12:00,22/06/2026,Open,,Acceptable (1),TPA - CARGOLOADER MALFUNCTION,
O13939-26,18/06/2026 12:00,22/06/2026,Open,,Acceptable (4),TPA - OPERATOR SKIPS AIRCRAFT WALKAROUND,
O13938-26,18/06/2026 12:00,22/06/2026,Open,,Acceptable (4),TPA- WRONG GRN PROCEDURE,
O13558-26,17/06/2026 20:40,18/06/2026,In Progress,Assessment Only,Acceptable (4),AVA- SeMS- BAGGAGE OVERFLIGHT ADZ-MDE,N688TA
O16273-26,16/06/2026 20:26,22/07/2026,Open,Logged for Statistics,Acceptable (4),AVA- GPU FAILURE AFFECTING AIRCRAFT SYSTEMS,N792AV
O13821-26,16/06/2026 20:21,19/06/2026,Open,Logged for Statistics,Acceptable (4),AVA- AKE DAMAGE ON ARRIVAL AT BOG,N796AV
O13809-26,16/06/2026 16:50,19/06/2026,Open,,Acceptable (4),TPA - DOOR PANEL OPENED,N332QT
O13789-26,16/06/2026 12:31,19/06/2026,Open,,Acceptable (4),TPA- WRONG GRN PROCEDURE,N334QT
O19177-26,16/06/2026 12:00,19/08/2026,Open,,,TPA- CARGO DOOR DAMAGE DURING GROUND HANDLING,N342AV
O13784-26,16/06/2026 12:00,19/06/2026,Open,,Acceptable (4),TPA- MDCC ASSY RESTRAIN 13L YZ LATCH BETWEEN FR 52 AND 50 LH SIDE DAMAGE,N334QT
O13786-26,16/06/2026 09:30,19/06/2026,Open,,Acceptable (4),TPA - UNSAFE FORKLIFT OPERATION,
O13777-26,16/06/2026 03:59,19/06/2026,Open,,Acceptable (4),TPA - LOADMASTER SAFETY PROCEDURE VIOLATION,N336QT
O13752-26,15/06/2026 12:00,19/06/2026,Open,,Acceptable (4),TPA- [DG] LACK NOTIFICATION TO CAPTAIN AT MIA,N338QT
O13763-26,15/06/2026 05:53,19/06/2026,Open,,Acceptable (2),TPA - IMPROPER ENGINE LOCKING,N331QT
O13758-26,14/06/2026 22:02,19/06/2026,Open,,Acceptable (4),TPA - GROUND EQUIPMENT FAILURE,N338QT
O13926-26,14/06/2026 21:30,22/06/2026,Open,,Acceptable (1),TPA- GROUND EQUIPMENT FAILURE,N338QT
O13607-26,14/06/2026 10:29,18/06/2026,Open,,Acceptable (4),TPA- GSE FAILURE/MALFUNCTION,N330QT
O13579-26,13/06/2026 21:11,18/06/2026,Open,,Acceptable (4),AVA- WRONG GRN PROCEDURE AT CLO,N745AV
O13572-26,13/06/2026 20:53,18/06/2026,Open,,Acceptable (4),AVA- KIT CONFORT NOT REGISTERED,N745AV
O13573-26,13/06/2026 20:38,18/06/2026,Open,,Acceptable (4),AVA- WRONG GRN PROCEDURE,
O13747-26,13/06/2026 19:00,19/06/2026,Open,,Acceptable (10),AVA - AIRCRAFT STUCK ON RAMP DUE RAMP IN BAD CONDITIONS AT CTG,N959AV
O13745-26,13/06/2026 15:08,19/06/2026,Open,,Acceptable (4),TPA - PALLET DROP DURING UNLOADING,
O13548-26,13/06/2026 14:25,18/06/2026,Open,,Acceptable (4),TPA- PALLET FALL,
O13498-26,13/06/2026 07:12,17/06/2026,Open,,Acceptable (4),TPA- WRONG GRN PROCEDURE,N330QT
O13465-26,13/06/2026 02:30,17/06/2026,Open,,Acceptable (1),TPA- WRONG CARGO HANDLING,N336QT
O13419-26,12/06/2026 01:10,16/06/2026,Open,,Acceptable (2),TPA- CARGO COMPARMENT MINOR DAMAGE,
O13331-26,11/06/2026 05:55,12/06/2026,Open,,Acceptable (4),AVA- WRONG GRN PROCEDURE WITH MARSHALL IN RAMP AT COR,N962AV
O13334-26,11/06/2026 02:09,12/06/2026,Open,,Acceptable (4),TPA- WRONG GRN PROCEDURE,
O13311-26,10/06/2026 17:00,12/06/2026,Open,,Acceptable (4),AVA- EXCEEDANCE BAGGAGE IN PAX CABIN,N764AV
O13273-26,10/06/2026 15:53,12/06/2026,Open,,Acceptable (4),TPA- WRONG GRN PROCEDURE WITH EQUPMENT TURN ON,
O13394-26,10/06/2026 15:10,16/06/2026,In Progress,Assessment Only,Tolerable (20),AVA- SeMS- CREW DOES NOT VERIFY COMPLETE DISABBOARDING (BAGGAGE LEFT) ADZ-BOG,N821AV
O13300-26,10/06/2026 14:07,12/06/2026,Open,,Acceptable (4),TPA- WRONG GRN PROCEDURE,N342AV
O13209-26,09/06/2026 20:00,11/06/2026,Open,,Acceptable (2),AVA- CONVEYOR OPERATION WITHOUT SAFETY BARRIER,HK-5366
O13268-26,09/06/2026 16:14,12/06/2026,Open,Logged for Statistics,Acceptable (4),AVA- FALLING LOAD,N818AV
O13231-26,09/06/2026 14:40,11/06/2026,Open,Logged for Statistics,Acceptable (1),AVA- CARGO WEIGHT DISCREPANCY,HK-5395
O13203-26,08/06/2026 22:22,11/06/2026,Open,,Acceptable (4),AVA- WRONG GRN PROCEDURE,HK-5319
O13196-26,08/06/2026 15:30,11/06/2026,In Progress,Assessment Only,Acceptable (4),AVA- DISCREPANCY BETWEEN REPORTED OBC CARGO AND ACTUAL CARGO,N750AV
O13698-26,08/06/2026 12:00,18/06/2026,Open,Logged for Statistics,Acceptable (4),TPA - YZ LATCH DAMAGE BETWEEN FR 40 AND 42 RH,N334QT
O13171-26,08/06/2026 08:40,11/06/2026,Open,Logged for Statistics,Acceptable (1),TPA- LOCKS DAMAGED,N342AV
O13076-26,08/06/2026 06:40,10/06/2026,Open,,Acceptable (4),AVA- WRONG GRN PROCEDURE WITH MARSHALLING IN RAMP AT BOG,N284AV
O13161-26,08/06/2026 00:03,11/06/2026,Open,,Acceptable (4),AVA- INCURSION BY GROUND VEHICLE/PEOPLE,HK5389
O13137-26,07/06/2026 13:00,11/06/2026,Open,,Acceptable (2),AVA- WRONG GRN PROCEDURE,N481AV
O13134-26,07/06/2026 11:32,11/06/2026,Open,Logged for Statistics,Acceptable (1),TPA- PALLET FALL,N331QT
O13132-26,07/06/2026 10:23,11/06/2026,Open,Logged for Statistics,Acceptable (1),AVA- UNREPORTED KIT COMFORT,HK-5353
O13073-26,07/06/2026 07:00,10/06/2026,Open,,Acceptable (4),AVA- WRONG GRN PROCEDURE (ALERT PAYLOAD),N750AV
O13120-26,07/06/2026 06:10,11/06/2026,Open,,Acceptable (4),"AVA- JET WAY WRONG PROCEDURE 2&quot,",N959AV
O13099-26,07/06/2026 04:40,11/06/2026,Open,,Acceptable (4),AVA- WRONG GRN PROCEDURE,N253AC
O13094-26,07/06/2026 04:10,11/06/2026,Open,Logged for Statistics,Acceptable (1),TPA- LOCKS DAMAGED,N335QT
O13092-26,06/06/2026 23:23,11/06/2026,Open,,Acceptable (1),AVA- WRONG GRN PROCEDURE,HK-5409
O13088-26,06/06/2026 20:00,11/06/2026,Open,,Acceptable (4),AVA- LOADSHEET DISCREPANCY - PAX/CREW NUMBERS AT BOG,N783AV
O13068-26,06/06/2026 14:55,10/06/2026,Open,Logged for Statistics,Acceptable (4),AVA- NETS NOT RAISED,N769AV
O12860-26,06/06/2026 12:00,08/06/2026,In Progress,Full Investigation,Tolerable (100),AVA- (DG) INCORRECT PLANNING OF DRY ICE QUANTITY AND WEIGHT DISCREPANCY AT IAD,N932AV
O12947-26,06/06/2026 10:53,09/06/2026,Open,Logged for Statistics,Acceptable (1),AVA- FM MOBILE CARGO DISCREPANCY WITH DATA IN RAMP AT JFK,N958AV
O13010-26,05/06/2026 21:00,10/06/2026,Open,,Acceptable (4),AVA- LOADING CARGO DISCREPANCY,N942AV
O13019-26,05/06/2026 18:00,10/06/2026,Open,,Acceptable (4),AVA- LOADSHEET DISCREPANCY,N743AV
O12995-26,05/06/2026 10:25,10/06/2026,Open,Logged for Statistics,Acceptable (4),AVA- [DG] INCORRECT HANDLING AT BOG,HK-5388
O12917-26,05/06/2026 06:55,09/06/2026,Open,Logged for Statistics,Acceptable (4),AVA- WRONG SECURITY PROCEDUREIN RAMP AT BOG,HK-5320
O12828-26,05/06/2026 05:24,05/06/2026,Open,,Acceptable (4),AVA- CARGO DISCREPANCY,HK-5422
O12813-26,04/06/2026 11:48,05/06/2026,Open,,Acceptable (4),TPA- PARKING PROCEDURE ERROR,N342AV
O12703-26,04/06/2026 02:30,04/06/2026,Open,,Acceptable (4),AVA- CARGO NETS IMPROPERLY SECURED,HK-5425
O12778-26,03/06/2026 22:47,05/06/2026,Open,,Acceptable (4),AVA- LANDING GEAR SAFETY PINS LEFT INSTALLED,N728AV
O12696-26,03/06/2026 13:21,04/06/2026,Open,,Acceptable (4),AVA- AIRBRIDGE WRONG PROCEDURE 2”,N932AV
O12734-26,03/06/2026 12:29,05/06/2026,Open,,Acceptable (4),AVA- CARGO/BAGGAGE BUILT TOO HIGH,N948AV
O12690-26,03/06/2026 11:40,04/06/2026,Open,,Acceptable (4),"AVA- AIRBRIDGE WRONG PROCEDURE 2&quot,",N992AV
O12660-26,03/06/2026 08:10,04/06/2026,Open,,Acceptable (4),AVA- BOARDING PASS PROCEDURE (PAX INADMISIBLE IN CUN),HK5389
O12708-26,03/06/2026 02:15,04/06/2026,Open,,Acceptable (4),AVA- [DG] HIDDEN DANGEROUS GOODS DETECTED IN INSPECTION AT BOG,N740AV
O14175-26,03/06/2026 02:10,24/06/2026,Open,,Acceptable (4),AVA- [DG] BATTERY ITEMS EXCEDING MAX PERMITED CAPACITY AT MDE,
O12646-26,02/06/2026 21:00,04/06/2026,Open,Logged for Statistics,Acceptable (4),AVA- PAX ILLNESS AND FLIGHT DIVERSION TO BAQ [1690560],N950AV
O12404-26,01/06/2026 06:40,01/06/2026,Open,Logged for Statistics,Acceptable (4),AVA- INCOMPLETE CONES,N942AV
O12683-26,01/06/2026 01:34,04/06/2026,Open,,Acceptable (2),AVA- LUGGAGE FALLEN ON THE RAMP,HK-5366
O12386-26,31/05/2026 20:50,01/06/2026,Open,Logged for Statistics,Acceptable (4),AVA- WRONG FUEL PROCEDURE WITH COMM GRH TO CREW DURING FUELING AT CTG,N948AV
O12615-26,31/05/2026 13:06,04/06/2026,Open,,Acceptable (4),AVA- BAGGAGE LEFT BEHIND,N965AV
O12419-26,31/05/2026 12:00,02/06/2026,Open,,Acceptable (4),TPA- MISSING PART ON AIRCRAFT,N342AV
O12361-26,31/05/2026 12:00,01/06/2026,Open,Logged for Statistics,Acceptable (4),AVA- WRONG FUELING COMM PROCEDURE IN RAMP AT PUJ,N992AV
O12360-26,31/05/2026 11:32,01/06/2026,Open,,Acceptable (4),"AVA- AIRBRIDGE WRONG OPERATION 2&quot,",N557AV
O12453-26,31/05/2026 09:00,02/06/2026,Open,,Acceptable (1),TPA- WRONG CARGO HANDLING,N336QT
O14108-26,31/05/2026 02:00,23/06/2026,Open,Logged for Statistics,Acceptable (4),AVA- WRONG GRN PROCEDURE,N931AV
O12367-26,31/05/2026 00:55,01/06/2026,Open,,Acceptable (4),AVA- DENT IN AIRCRAFT,N557AV
O12329-26,30/05/2026 18:00,01/06/2026,Open,,Tolerable (20),AVA- DENT IN AIRCRAFT AT VUP,HK-5423
O12624-26,30/05/2026 17:50,04/06/2026,Open,,Acceptable (4),AVA- STRUCK BY ACCESS EQUIPMENT GSE,HK-5423
O12533-26,30/05/2026 12:30,03/06/2026,Open,,Acceptable (4),AVA- INADEQUATE AIRPORT INFRASTRUCTURE,HK-5393
O12301-26,29/05/2026 23:55,01/06/2026,Open,Logged for Statistics,Acceptable (4),AVA- WRONG FUELING PROCEDURE WITH PAX ONBOARD IN RAMP AT JFK,N906AV
O12321-26,29/05/2026 20:31,01/06/2026,Open,,Acceptable (4),TPA- DENT IN AIRCRAFT,N338QT
O12291-26,29/05/2026 08:20,01/06/2026,Open,,Acceptable (4),AVA- PUSCHBACK FLIGHT,N748AV
O12197-26,28/05/2026 21:26,29/05/2026,In Progress,Full Investigation,Tolerable (100),AVA- FWD CARGO DOOR CORNER IMPACT WITH A BENCH PLATFORM IN RAMP AT LHR,N782AV
O12267-26,28/05/2026 07:55,01/06/2026,Open,,Acceptable (1),AVA- SECURITY PERSONAL,HK-5335
O12100-26,27/05/2026 13:00,28/05/2026,Open,,Acceptable (1),AVA- WRONG GRN PROCEDURE FM MOBILE,N793AV
O12215-26,27/05/2026 12:00,29/05/2026,Open,,Acceptable (1),AVA- TROLLEY WIHTOUT PROTECTION,N934AG
O12095-26,27/05/2026 12:00,28/05/2026,Open,,Acceptable (2),AVA- WHEEL CHANGE,HK-5360
O12098-26,27/05/2026 09:26,28/05/2026,Open,,Acceptable (4),AVA- COMAT NOT DECLARED,HK-5273
O12957-26,26/05/2026 17:33,09/06/2026,Open,,Acceptable (4),EFY- AIRCRAFT FOUND UNSECURED ON POSITION WITHOUT CHOCKS OR SAFETY CONES,
O12574-26,26/05/2026 14:05,03/06/2026,Open,,Acceptable (1),AVA- DAMAGED MANHOLE COVERS IDENTIFIED ON AIRPORT SURFACE,
O12222-26,26/05/2026 12:00,29/05/2026,Open,,Acceptable (4),AVA- CARGO HOLD FLOOR LATCHES INACTIVATED AT BOG,
O12035-26,26/05/2026 12:00,27/05/2026,Open,,Acceptable (4),EFY- A/C WITHOUT CHOCKS,
O12028-26,26/05/2026 07:05,27/05/2026,Open,,Acceptable (4),AVA- LOADSHEET DISCREPANCY,N784AV
O12572-26,26/05/2026 02:00,03/06/2026,Open,,Acceptable (4),AVA- WRONG ATOS PROCEDURE,N821AV
O12123-26,25/05/2026 15:16,28/05/2026,Open,,Acceptable (4),AVA- WRONG GRN PROCEDURE,N745AV
O13915-26,25/05/2026 12:00,22/06/2026,Open,Logged for Statistics,Acceptable (4),AVA- IMPROPER BAGGAGE RECONFIGURATION,HK-5388
O11866-26,25/05/2026 09:05,25/05/2026,Open,,Acceptable (1),AVR- FOD IN PLATFORM,N992AV
O11962-26,25/05/2026 08:30,26/05/2026,Open,,Acceptable (4),AVA- CARGO DISCREPANCY,N688TA
O11842-26,24/05/2026 20:00,25/05/2026,Open,,Acceptable (4),AVR- WRONG GRN PROCEDURE,N950AV
O12260-26,24/05/2026 17:45,01/06/2026,Open,,Acceptable (4),AVA-WRONG BAGGAGE HANDLING,N567AV
O11849-26,24/05/2026 10:20,25/05/2026,Open,,Acceptable (4),AVR- LOADING NOT IN ACCORDANCE WITH LIR,N950AV
O11875-26,22/05/2026 15:30,26/05/2026,Open,Logged for Statistics,Acceptable (4),AVA- FUEL SPILLAGE FROM GROUND PIT,N253AC
O11687-26,22/05/2026 08:55,22/05/2026,Open,,Acceptable (4),AVA- CARGO EXCEEDING,N599AV
O11648-26,22/05/2026 08:17,22/05/2026,Open,,Acceptable (4),VUELO AV-9320 BOG-CUC 22MAY26 PUENTE MAL ACOPLADO,N745AV
O12153-26,22/05/2026 07:50,28/05/2026,Open,Logged for Statistics,Acceptable (4),AVA- WRONG FUELING PROCEDURE WITH PAX ONBOARD,N959AV
O11653-26,21/05/2026 20:00,22/05/2026,Open,Logged for Statistics,Tolerable (20),AVA- WRONG FUEL PROCEDURE,N740AV
O11651-26,21/05/2026 18:28,22/05/2026,In Progress,Full Investigation,Acceptable (4),GLG- WRONG FUEL PROCEDURE AT UIO GLG1600,HC-CRU
O11610-26,21/05/2026 16:00,22/05/2026,In Progress,Full Investigation,Tolerable (21),AVA- LOADING DISCREPANCY AT JFK,HK-5378
O11667-26,21/05/2026 10:45,22/05/2026,Open,,Acceptable (1),"DECOMISO DE GAS PIMIENTA, 21/05/26",N689TA
O11639-26,21/05/2026 10:00,22/05/2026,Open,,Acceptable (4),AVR- WRONG GRN PROCEDURE WITH DOCUMENTATION DATA AT BGA,
O11493-26,20/05/2026 07:00,20/05/2026,Open,,Tolerable (20),AVA- PARKING PROCEDURE ERROR,N742AV
O11501-26,19/05/2026 22:12,20/05/2026,Open,,Acceptable (4),AVA- WRONG GRN PROCEDURE WITH CARGA IN RAMP AT BOG,HK-5410
O11547-26,19/05/2026 13:38,21/05/2026,Open,,Acceptable (4),AVA- REOPEN FLIGHT WITHOUT AUTHORIZATION,N195AV
O11554-26,19/05/2026 09:20,21/05/2026,Open,,Acceptable (1),AVA- FUELING DISCREPANCY DETECTED BETWEEN ORDER AND FUEL PANEL INDICATION,HK-5395
O11529-26,19/05/2026 08:11,21/05/2026,Open,,Acceptable (4),AVA- TROLLEYS NOT FIT IN GALLEY,HK-5421
O11552-26,19/05/2026 06:15,21/05/2026,Open,Logged for Statistics,Tolerable (20),TPA- PALLET FALL AT BOG,N332QT
O12721-26,18/05/2026 14:20,05/06/2026,Open,,Acceptable (4),AVA- REMOTE POSITION AND WHEELCHAIR SERVICES,N967AV
O11451-26,18/05/2026 00:00,20/05/2026,Open,,Tolerable (20),AVA- INCORRECT LOADING,N764AV
O11426-26,17/05/2026 12:09,20/05/2026,Open,,Acceptable (4),AVR-UNAUTHORIZED MARSHALLING AND IMPROPER GSE POSITIONING DURING PARKING,N992AV
O13732-26,17/05/2026 12:00,19/06/2026,Open,Logged for Statistics,Acceptable (4),AVA - FUEL TRUCK OBSTRUCTION AT SCL,HK-5365
O11406-26,17/05/2026 08:31,20/05/2026,Open,,Acceptable (4),AVR- CARGO BIN NOT VERIFIED – LACK OF EVIDENCE PRIOR DEPARTURE,N728AV
O11376-26,17/05/2026 05:50,19/05/2026,Open,,Acceptable (4),AVA- SLOPE IN TAXIWAY,HK-5319
O11332-26,16/05/2026 14:49,19/05/2026,Open,,Acceptable (4),AVR- EXTERNAL POWER UNIT LPL184 FAILURE AT SMR,N398AV
O11299-26,16/05/2026 06:00,19/05/2026,Open,,Acceptable (4),AVA- CARGO WEIGHT DISCREPANCY,N959AV
O12501-26,15/05/2026 15:00,02/06/2026,Open,,Acceptable (4),AVA- DOLLY TOWBAR LOCKING MECHANISM FOUND UNSERVICEABLE AT BOG,
O11204-26,15/05/2026 11:00,15/05/2026,Open,,Acceptable (4),AVA- WRONG SEC PROCEDURE IN RAMP AT UIO,
O11280-26,15/05/2026 07:00,19/05/2026,Open,,Acceptable (4),AVA- INADEQUATE AIRPORT INFRASTRUCTURE,
O11180-26,14/05/2026 20:38,15/05/2026,Open,Logged for Statistics,Acceptable (4),AVA- EMPTY FIRE EXTINGUISHER,N957AV
O11212-26,14/05/2026 13:06,15/05/2026,Open,,Tolerable (20),AVA- WRONG FUEL PROCESURE,N992AV
O11217-26,14/05/2026 12:00,15/05/2026,Open,Logged for Statistics,Acceptable (4),AVA- LOADSHEET DISCREPANCY,HK-5422
O11154-26,14/05/2026 11:00,15/05/2026,Open,,Acceptable (4),AVA. INCORRECT GRN PROCEDURE (START ENGINE 1) IN RAMP AT MDE,HK-5425
O11128-26,14/05/2026 07:00,14/05/2026,Open,Logged for Statistics,Acceptable (4),AVA- FIRE EXTINGUISHER N°67 EMPTY,N785AV
O11123-26,13/05/2026 21:40,14/05/2026,Open,Logged for Statistics,Acceptable (4),AVA- BAGGAGE BUILT TO HIGH,N454AV
O11284-26,13/05/2026 20:45,19/05/2026,Open,,Acceptable (4),AVA- INADEQUATE AIRPORT INFRASTRUCTURE,N688TA
O11896-26,13/05/2026 15:30,26/05/2026,Open,,Acceptable (4),AVA- ATOS DOES NOT PROVIDE POC INFORMATION ON BOARD,N281AV
O11095-26,13/05/2026 09:03,14/05/2026,Open,,Acceptable (1),AVA- CARGO NETS NOT RAISED IN FLT FROM BOG TO CLO,N557AV
O11070-26,13/05/2026 09:00,14/05/2026,Open,Logged for Statistics,Acceptable (4),AVA- WRONG FUELING PROCEDURE WITH PAX ONBOARD IN RAMP AT BOG,N253AC
O11088-26,12/05/2026 15:57,14/05/2026,Open,,Acceptable (1),AVA- CARGO DISCREPANCY,N956AV
O11968-26,12/05/2026 12:00,26/05/2026,Open,,Acceptable (4),AVA- GSE UNDER AIRCRAFT CLEARANCE (EVENT),N557AV
O11116-26,12/05/2026 07:25,14/05/2026,Open,,Acceptable (4),AVA- INADEQUATE AIRPORT INFRASTRUCTURE,
O10936-26,11/05/2026 12:00,12/05/2026,Open,,Acceptable (4),AVA- GSE FAILURE/MALFUNCTION,N398AV
O12438-26,11/05/2026 08:55,02/06/2026,Open,,Acceptable (4),AVA- INCORRECT CONING,N931AV
O10923-26,10/05/2026 02:46,12/05/2026,Open,,Acceptable (4),AVA- [DG] LACK NOTIFICATION TO CAPTAIN AT MAD,N782AV
O12384-26,10/05/2026 00:00,01/06/2026,Open,,Acceptable (4),AVA- FM MOBILE ERROR,HC-CJW
O10781-26,09/05/2026 16:13,11/05/2026,Open,,Acceptable (1),TPA- MISPLACED PERSONNEL AT BOG,N331QT
O10756-26,09/05/2026 10:00,11/05/2026,Open,,Acceptable (4),AVA- PARKING SPACE IN POOR CONDITION,N740AV
O10772-26,09/05/2026 00:30,11/05/2026,Open,,Acceptable (4),AVA - HIGH WINDS AND SAND AT RAMP SPACE NEAR AIRCRAFT ENGINES,N919AV
O10685-26,08/05/2026 12:00,08/05/2026,Open,,Acceptable (4),AVR- FLIGHT REOPENED AFTER DEPARTED STATUS BY LAST BAGGAGE,
O10788-26,08/05/2026 11:45,11/05/2026,Open,,Acceptable (1),AVA- MISSING CARGO PERSONEL AT PEI,N195AV
O10676-26,08/05/2026 06:30,08/05/2026,Open,,Acceptable (4),AVA- WRONG GRN PROCEDURE IN RAMP AT BOG,HC-CRU
O10684-26,08/05/2026 01:15,08/05/2026,Open,,Acceptable (4),AVA- [DG] INADECUATE CARGO ACCEPTANCE AT IAD,HK-5410
O10621-26,07/05/2026 13:30,08/05/2026,Open,Logged for Statistics,Acceptable (4),AVA- GSE CONVEYOR 1507 FIRE EXTINGUISHER MANOMETER FAILURE,N964AV
O10620-26,07/05/2026 13:30,08/05/2026,Open,Logged for Statistics,Acceptable (4),AVA- GPU FIRE EXTINGUISER EMPTY,N946AV
O10617-26,07/05/2026 12:35,08/05/2026,Open,,Acceptable (4),AVR- FOD DETECTED AT RAMP POSITION CLOSE TO THE MLG,N284AV
O10632-26,07/05/2026 05:23,08/05/2026,Open,,Acceptable (4),AVA- PAYMOVER IN PERIMETER,
O10595-26,07/05/2026 01:11,07/05/2026,Open,,Acceptable (4),TPA- SHORT CIRCUIT DUE TO EXTERNAL POWER UNIT AT UIO,N332QT
O10538-26,06/05/2026 20:40,07/05/2026,Open,,Acceptable (2),AVA- AVIH UNSAFELY LOADED AT LIM,N945AV
O10562-26,06/05/2026 11:35,07/05/2026,Open,Logged for Statistics,Acceptable (4),AVA- GSE LPL164 EXTINGUISHER EMPTY,N477AV
O10489-26,06/05/2026 06:20,06/05/2026,Open,Logged for Statistics,Acceptable (4),AVA- CONVEYOR GSE FIRE EXTINGUISHER EMPTY,HC-CRU
O11997-26,05/05/2026 19:35,27/05/2026,Open,,Acceptable (4),AVR- BULK CARGO DOOR INNER COVER FOUND LOOSE UPON ARRIVAL,N562AV
O10539-26,05/05/2026 16:30,07/05/2026,Open,,Acceptable (4),AVA- EXTERNAL POWER UNIT FAILURE SMR,N4304
O10573-26,05/05/2026 09:11,07/05/2026,Open,,Acceptable (1),AVA- WRONG BAGGAGE HANDLING AT BOG,N992AV
O10700-26,05/05/2026 07:03,11/05/2026,Open,,Acceptable (4),AVA- PALLETS IMPROPERLY LOADED IN THE CARGO HOLD,HK-5352
O10699-26,04/05/2026 20:41,11/05/2026,Open,,Acceptable (4),AVA- CARGO NETS NOT RAISED IN FLT FROM MDE TO BOG,N956AV
O10861-26,04/05/2026 19:47,12/05/2026,Open,,Acceptable (4),AVA- CARGO NETS NOT RAISED IN FLT FROM MEX TO BOG,N943AV
O10371-26,04/05/2026 15:30,05/05/2026,Open,,Acceptable (4),AVA- EXTERNAL POWER UNIT FAILURE AND RADIO ALTIMETER FAIL,N411AV
O10370-26,04/05/2026 15:30,05/05/2026,Open,,Acceptable (2),AVR- FOD DETECTED ON RAMP (SHOCKS),N728AV
O10481-26,04/05/2026 12:00,06/05/2026,Open,,Tolerable (20),TPA- [DG] SPILLAGE IN WAREHOUSE AT MIA,
O10567-26,04/05/2026 07:00,07/05/2026,Open,,Acceptable (1),AVA- AIRCRAFT TRANSFER DELAYS DUE TO PERSONNEL ON BOARD PROCEDURAL REQUIREMENT,N647AV
O19186-26,03/05/2026 12:00,19/08/2026,Open,,,COA- BIRD STRIKE DURING APPROACH AT VCP,N330QT
O10657-26,03/05/2026 09:25,08/05/2026,Open,,Acceptable (2),AVR- BAGGAGE OUTSIDE THE NETS,
O12485-26,02/05/2026 08:40,02/06/2026,Open,,Acceptable (1),AVA- CARGO COMPARTMENT 1 DOOR HANDLE FOUND PARTIALLY OPEN UPON ARRIVAL,N937AV
O10439-26,02/05/2026 05:20,06/05/2026,Open,,Acceptable (4),AVA- BULK DAMAGE,
O10293-26,01/05/2026 12:30,05/05/2026,Open,Logged for Statistics,Acceptable (4),AVA- EMPTY FIRE EXTINGUISHER,HK-5424
O12466-26,01/05/2026 07:03,02/06/2026,Open,,Acceptable (4),AVA- WRONG CARGO HANDLING,N932AV
O10408-26,01/05/2026 01:14,05/05/2026,Open,,Acceptable (4),AVA- START ENGINE,HK-5367
O10153-26,30/04/2026 20:49,04/05/2026,Open,,Acceptable (4),AVA- CONVEYOR SAFETY BARRIERS WITHOUT PROTECTIONS,HK-5410
O10155-26,30/04/2026 20:20,04/05/2026,Open,,Acceptable (4),AVA- CARGO NETS IMPROPERLY SECURED,N951AV
O10203-26,30/04/2026 18:36,04/05/2026,Open,,Acceptable (4),AVA- FRACTURE OF THE TORQUE PIN IN THE MAIN DRIVE SHAFT ASSEMBLY,HK-5406
O10173-26,30/04/2026 16:00,04/05/2026,Open,,Acceptable (4),AVA- CONVEYOR WITHOUT CHOCKS,HK-5390
O10429-26,30/04/2026 09:40,06/05/2026,Open,,Acceptable (4),TPA- FORWARD LOWER DECK AT MAO,N342AV
O10160-26,30/04/2026 07:35,04/05/2026,Open,,Acceptable (4),AVA_ CARGO NETS NOT RAISED,HK-5388
O10159-26,30/04/2026 07:02,04/05/2026,Open,Logged for Statistics,Acceptable (4),AVA- WEIGTH DISCREPANCY,N793AV
O10144-26,30/04/2026 04:03,04/05/2026,Open,Logged for Statistics,Acceptable (4),AVA- LOADSHEET DISCREPANCY,N422AV
O10059-26,29/04/2026 22:50,30/04/2026,Open,,Acceptable (4),AVA- [DG] LACK TO NOTOC AT MDE,N745AV
O10244-26,29/04/2026 22:00,04/05/2026,Open,,Acceptable (4),21 AIR - [DG] UNDECLARED DANGEROUS GOODS IN SHIPMENT AT MIA,
O10069-26,29/04/2026 19:48,30/04/2026,Open,,Acceptable (4),AVA- CARGO NETS IMPROPERLY SECURED,N740AV
O10061-26,29/04/2026 19:31,30/04/2026,Open,,Acceptable (4),AVA- NETS IMPROPERLY SECURED,N345AV
O10426-26,29/04/2026 17:15,06/05/2026,Open,,Acceptable (4),AVA- WRONG FUEL PROCEDURE IN RAMP AT MDE,N207FR
O10063-26,29/04/2026 16:28,30/04/2026,Open,,Acceptable (4),AVA- CATERING TRUCK WRONG POSITIONED,N942AV
O10110-26,29/04/2026 14:35,04/05/2026,Open,Logged for Statistics,Acceptable (4),AVA- LOADSHEET DISCREPANCY,N783AV
O10039-26,29/04/2026 05:00,30/04/2026,Open,Logged for Statistics,Acceptable (2),AVA- INCORRECT CONING,
O10331-26,29/04/2026 01:30,05/05/2026,Open,,Acceptable (4),AVA- TOW BAR FAILURE,N934AG
O10033-26,28/04/2026 18:00,30/04/2026,Open,,Acceptable (4),AVA- CATERING TRUCK WRONG PROCEDURE,N195AV
O10022-26,28/04/2026 18:00,30/04/2026,Open,,Acceptable (4),AVA- CATERING TRUCK WRONG POSITIONED,N195AV
O9972-26,28/04/2026 14:05,29/04/2026,Open,,Acceptable (4),AVA- STRUCK BY ACCESS EQUIPMENT,N742AV
O10013-26,28/04/2026 12:00,30/04/2026,Open,,Acceptable (4),TPA- INCORRECT CONNING,N331QT
O9848-26,27/04/2026 23:02,28/04/2026,Open,Logged for Statistics,Acceptable (2),AVA- EARLY CONES REMOVE,N818AV
O9845-26,27/04/2026 16:32,28/04/2026,Open,,Acceptable (4),AVA- CARGO NETS IMPROPERLY SECURED,HK-5407
O9864-26,27/04/2026 07:00,28/04/2026,Open,,Acceptable (10),AVA- RWY IN BAD CONDITIONS AT CUC,HK-5273
O9994-26,26/04/2026 14:35,30/04/2026,Open,Logged for Statistics,Acceptable (4),AVA- WRONG FUELING PROCEDURE WITH PAX ONBOARD WITH COMM AT JFK,HK-5360
O9775-26,26/04/2026 14:30,27/04/2026,Open,,Acceptable (4),AVA- CARGO HOLD - NETS NOT RAISED,N765AV
O9964-26,26/04/2026 13:00,29/04/2026,Open,,Acceptable (2),AVA- BAGGAGE SCAN MOBILE FAILURE,N689TA
O9856-26,26/04/2026 11:45,28/04/2026,Open,,Acceptable (4),AVA- NETS NOT RAISED,HK-5424
O9962-26,26/04/2026 05:30,29/04/2026,Open,,Tolerable (20),AVA- PAYMOVER FAILURE GSE DURING TOWING OF THE AIRCRAFT,N902AV
O9814-26,26/04/2026 04:48,28/04/2026,Open,,Acceptable (4),AVA- CONVEYOR WITHOUT PROTECTION,N944AV
O9759-26,25/04/2026 20:42,27/04/2026,Open,,,AVA- IRD STRIKE AT BOG AV52,HK-5388
O9757-26,25/04/2026 20:00,27/04/2026,Open,,Acceptable (4),AVA- CONVEYOR LIGHT NOT WORKING,
O9957-26,25/04/2026 19:57,29/04/2026,Open,,Acceptable (4),"AVA- WRONG FUEL QUANTITY &#43,1900 IN RAMP AT BOG",N946AV
O9705-26,25/04/2026 14:05,27/04/2026,Open,,Acceptable (4),AVA- CARGO HOLD - NETS NOT RAISED,N937AV
O9708-26,25/04/2026 10:46,27/04/2026,Open,,Acceptable (4),AVA- CONVEYOR IN POOR CONDITION,N599AV
O9688-26,25/04/2026 08:22,27/04/2026,Open,,Acceptable (4),AVA- WRONG ATOS PROCEDURES IN COUNTER AT BOG,N940AV
O9689-26,25/04/2026 08:00,27/04/2026,Open,,Acceptable (4),AVA- CONVEYOR IN POOR CONDITION,N862AV
O9690-26,25/04/2026 07:40,27/04/2026,Open,,Acceptable (4),AVA- CONVEYOR IN POOR CONDITION,HK-5366
O9716-26,24/04/2026 22:35,27/04/2026,Open,,Acceptable (4),AVR- RUNWAY IN POOR CONDITION,N724AV
O9713-26,24/04/2026 20:37,27/04/2026,Open,,Acceptable (4),AVA- CARGO NETS NOT RAISED,N944AV
O9709-26,24/04/2026 18:09,27/04/2026,Open,,Acceptable (4),AVA- CARGO NETS NOT RAISED,N821AV
O9624-26,24/04/2026 12:00,24/04/2026,Open,,Acceptable (4),AVA- GSE-CONVEYOR WITHOUT INSTALLED SPACERS,N944AV
O9590-26,24/04/2026 06:07,24/04/2026,Open,,Acceptable (4),AVA- CARGO HOLD - NETS NOT RAISED,N937AV
O10269-26,24/04/2026 04:32,05/05/2026,Open,,Acceptable (4),AVA- INCORRECT PARKING PBB DURING PUSHBACK,HK-5361
O9588-26,23/04/2026 21:03,24/04/2026,Open,,Acceptable (4),AVA- WRONG GRN PROCEDURE IN RAMP AT MDE,HK-5318
O9583-26,23/04/2026 18:00,24/04/2026,Open,,Acceptable (4),AVA- CARGO HOLD - NETS NOT RAISED,
O9558-26,23/04/2026 07:50,24/04/2026,Open,,Acceptable (4),AVA- CARGO NETS IMPROPERLY SECURED,N519AV
O9549-26,23/04/2026 02:45,23/04/2026,Open,,Acceptable (4),AVA- NETS NOT RAISED,
O9537-26,22/04/2026 17:14,23/04/2026,Open,,Acceptable (4),AVA- NETS NOT RAISED,N411AV
O10500-26,22/04/2026 16:10,06/05/2026,Open,,Acceptable (4),AVA- WRONG ATOS PROCEDURE,N750AV
O9531-26,22/04/2026 14:24,23/04/2026,Open,,Acceptable (4),AVA- NETS NOT RAISED,N960AV
O9520-26,22/04/2026 12:00,23/04/2026,Open,,Acceptable (4),AVA- PINS INSTALLED WITHOUT NOTIFICATION,N906AV
O9518-26,22/04/2026 10:35,23/04/2026,Open,,Acceptable (1),AVR- DISCREPANCY BETWEEN FM MOBILE BY (ESB) AND EJA ONBOARD,N281AV
O9482-26,22/04/2026 07:45,22/04/2026,Open,,Acceptable (4),AVA- CONVEYOR WITHOUT PROTECTION,HK-5410
O9460-26,21/04/2026 12:32,22/04/2026,Open,,Acceptable (4),AVA- CARGO NETS IMPROPERLY SECURED,N906AV
O9456-26,21/04/2026 07:51,22/04/2026,Open,,Acceptable (4),AVA- CONVEYOR WITHOUT PROTECTION,N919AV
O9431-26,21/04/2026 06:39,22/04/2026,Open,,Acceptable (4),AVA- CONVEYOR OPERATION WITHOUT SAFETY BARRIER,N940AV
O9496-26,20/04/2026 20:00,22/04/2026,Open,,Acceptable (4),"AVA- WRONG WASTE MANAGEMENT FROM MTY &amp, FOUND AT BOG",N943AV
O9418-26,20/04/2026 14:00,22/04/2026,Open,,Acceptable (4),AVA- CARGO NETS NOT RAISED,HK5389
O9288-26,20/04/2026 02:39,21/04/2026,Open,Logged for Statistics,Acceptable (4),AVA- CARGO NETS NOT RAISED,HK5389
O9254-26,19/04/2026 11:03,20/04/2026,Open,Logged for Statistics,Acceptable (4),AVA- CARGO NETS NOT RAISED,N743AV
O9367-26,19/04/2026 04:00,21/04/2026,Open,,Tolerable (20),AVA - RECLAMACIÓN DENT IN AIRCRAFT WITH LADDER,HK-5365
O9209-26,18/04/2026 21:00,20/04/2026,Open,Logged for Statistics,Acceptable (4),AVA- CARGO LOADSHEET DISCREPANCY,N930AV
O9215-26,18/04/2026 12:00,20/04/2026,Open,,Acceptable (4),AVA- UNSAFE TROLLEYS IN FORWARD GALLEY,N775AV
O9178-26,18/04/2026 07:00,20/04/2026,Open,,Tolerable (20),AVA- LOADING NOT IN ACCORDANCE WITH LIR AT BOG,N931AV
O9176-26,18/04/2026 06:43,20/04/2026,Open,,Acceptable (4),AVA- LOADSHEET DISCREPANCY AT EZE,N934AG
O9333-26,17/04/2026 14:43,21/04/2026,Open,Logged for Statistics,Acceptable (4),AVA- CARGO NETS NOT RAISED,N411AV
O9084-26,17/04/2026 12:00,17/04/2026,Open,,Acceptable (4),AVA- PUSHBACK WITHOUT FM DOCUMENTATION,HK-5408
O9065-26,17/04/2026 11:40,17/04/2026,Open,,Acceptable (1),AVA- WRONG GRN PROCEDURE FM MOBILE,N481AV
O9071-26,16/04/2026 22:00,17/04/2026,Open,,Acceptable (4),TPA- COMUNICATIONS EVENT,N331QT
O8997-26,16/04/2026 12:02,16/04/2026,Open,,Acceptable (4),AVA- JET WAY WRONG OPERATION,N955AV
O9055-26,16/04/2026 11:58,17/04/2026,Open,,Acceptable (4),AVA- [DG] NOTOC DESCREPANCY AT IAD,N906AV
O9051-26,16/04/2026 07:15,17/04/2026,Open,Logged for Statistics,Acceptable (2),AVA- CARGO NETS NOT RAISED,N942AV
O8951-26,15/04/2026 18:02,16/04/2026,Open,Logged for Statistics,Acceptable (4),AVA- CARGO NETS IMPROPERLY SECURED,N965AV
O8947-26,15/04/2026 17:40,16/04/2026,Open,Logged for Statistics,Acceptable (4),AVA- CARGO NETS IMPROPERLY SECURED,N945AV
O8987-26,15/04/2026 17:10,16/04/2026,Open,,Acceptable (4),AVA- SAFETY PERSONNEL SEATED ON THE ENGINE,N745AV
O9004-26,15/04/2026 10:50,16/04/2026,Open,,Acceptable (4),AVA- JET WAY WRONG OPERATION,N950AV
O8971-26,15/04/2026 10:08,16/04/2026,Open,Logged for Statistics,Acceptable (4),AVA- CARGO NETS IMPROPERLY SECURED,N745AV
O8889-26,14/04/2026 14:30,15/04/2026,Open,,Acceptable (4),AVA- CONVEYOR 37 AND 74 IN BAD CONDITIONS,HK-5422
O8887-26,14/04/2026 13:50,15/04/2026,Open,Logged for Statistics,Acceptable (2),AVA- BROOCH DAMAGED IN CARGO HOLD BIN 1,HK-5423
O8823-26,14/04/2026 05:35,14/04/2026,Open,Logged for Statistics,Acceptable (4),AVA- CARGO NETS NOT RAISED,N937AV
O8840-26,13/04/2026 18:00,14/04/2026,Open,Logged for Statistics,Acceptable (2),AVA- WRONG CGO PROCEDURE,N755AV
O9036-26,13/04/2026 12:00,17/04/2026,Open,,Acceptable (1),AVA- OPERATIONAL SYSTEM AMADEUS FAILURE,
O8740-26,12/04/2026 17:27,13/04/2026,Open,,Acceptable (4),AVA-WRONG GRN PROCEDURE AT BOG,N955AV
O8754-26,12/04/2026 16:45,13/04/2026,Open,,Acceptable (4),AVA- CONVEYOR WITHOUT SAFETY BARRIER,HK-5378
O8745-26,12/04/2026 12:33,13/04/2026,Open,Logged for Statistics,Acceptable (4),AVA- CARGO/BAGGAGE BUILT TO HIGH,N477AV
O9101-26,11/04/2026 13:00,20/04/2026,Open,,Acceptable (4),AVA- [DG] INADECUATE CARGO ACCEPTANCE AWB 729-92632514 AT MAD,N784AV
O8700-26,11/04/2026 12:00,13/04/2026,Open,,Acceptable (4),AVA- [DG] LACK NOTIFICATION TO CAPTAIN ELI AT JFK,
O8660-26,11/04/2026 09:04,13/04/2026,Open,,Acceptable (4),AVA- AIRCRAFT MOVEMENT,HK-5388
O8627-26,10/04/2026 12:15,13/04/2026,Open,,Acceptable (4),AVA- AVIH UNSAFELY LOADED AT SCL,
O8520-26,09/04/2026 10:00,09/04/2026,Open,Logged for Statistics,Acceptable (4),AVA- WRONG GRH COMM DURING FUELING PROCEDURE WITH PAX ONBOARD AT BOG,N557AV
O8583-26,09/04/2026 09:24,10/04/2026,Open,,Acceptable (4),AVA- SIGNALING TOUCH DOWN ZONE AT CTG RWY 01,HK-5319
O8515-26,09/04/2026 04:30,09/04/2026,Open,,Acceptable (4),AVA- EXTERNAL POWER UNIT FAILURE GSE,N786AV
O8490-26,08/04/2026 20:50,09/04/2026,Open,,Acceptable (4),AVA- CONVEYOR APPROACH WIHTOUT GUIDE MAN,N741AV
O8472-26,08/04/2026 12:11,09/04/2026,Open,,Acceptable (4),AVA- WRONG FUELING PROCEDURE ON RAMP AT BOG,N4304
O8558-26,08/04/2026 11:10,10/04/2026,Open,,Acceptable (4),AVA- WRONG FUEL PROCEDURE BY FUELING PROVIDER AT PEI,N230AC
O8432-26,08/04/2026 05:00,09/04/2026,Open,Logged for Statistics,Acceptable (1),AVA- WRONG GRN PROCEDURE FM MOBILE,N724AV
O8476-26,07/04/2026 12:00,09/04/2026,Open,,Acceptable (4),AVA- POTABLE WARER SYSTEM CAP LOOSE,N562AV
O8404-26,07/04/2026 08:50,08/04/2026,Open,,Acceptable (4),AVA- CONVEYOR APPROACH WITHOUT GUIDE MAN,N477AV
O8469-26,07/04/2026 08:00,09/04/2026,Open,Logged for Statistics,Acceptable (4),AVA- [DG] INCORRECT HANDLING UNSECURE IN CARGO HOLD AT BOG,N726AV
O8391-26,07/04/2026 05:09,08/04/2026,Open,,Acceptable (4),AVA- CONVEYOR APPROACH WIHTOUT GUIDE MAN,N750AV
O8359-26,06/04/2026 16:30,08/04/2026,Open,Logged for Statistics,Acceptable (4),AVA- CARGO NETS NOT RAISED,N562AV
O8385-26,06/04/2026 10:39,08/04/2026,Open,Logged for Statistics,Acceptable (2),AVA- A/C EARLY CONES REMOVE,HK5389
O8366-26,06/04/2026 10:28,08/04/2026,Open,Logged for Statistics,Acceptable (4),AVR- CARGO NETS NOT INSTALLED PROPELY,N724AV
O8380-26,06/04/2026 06:23,08/04/2026,Open,Logged for Statistics,Acceptable (4),AVR- CARGO NETS NOT RAISED,N281AV
O8332-26,06/04/2026 04:48,08/04/2026,Open,Logged for Statistics,Acceptable (1),AVA- WRONG GRH PROCEDURE FM MOBILE,N230AC
O8636-26,05/04/2026 21:00,13/04/2026,Open,,Acceptable (4),AVA- WEIGHT CARGO DISCREPANCY AWB 729-94578632,N791AV
O8289-26,05/04/2026 07:08,08/04/2026,Open,Logged for Statistics,Acceptable (2),AVA- STAIRWAY WRONG OPERATION,N919AV
O8185-26,05/04/2026 07:03,07/04/2026,Open,,Acceptable (4),AVA- CONVEYOR APPROACH WITHOUT GUIDE MAN,N934AG
O8182-26,05/04/2026 06:57,07/04/2026,Open,,Acceptable (4),AVA- CONVEYOR APPROACH WITHOUT GUIDE MAN,N791AV
O8269-26,05/04/2026 01:00,08/04/2026,Open,,Acceptable (4),TPA- LOADSHEET DISCREPANCY,N331QT
O8124-26,04/04/2026 08:15,07/04/2026,Open,,Acceptable (4),AVA- CONVEYOR APPROACH WITHOUT GUIDE MAN,N599AV
O9021-26,04/04/2026 04:15,17/04/2026,Open,Logged for Statistics,Tolerable (20),AVA- LOADSHEET DISCREPANCY - PAX NUMBERS,N960AV
O8209-26,03/04/2026 14:31,07/04/2026,Open,Logged for Statistics,Acceptable (2),AVA- UNACTIVATED LOCKS,N764AV
O8207-26,03/04/2026 14:30,07/04/2026,Open,Logged for Statistics,Acceptable (2),AVA- NETS NOT RAISED,N764AV
O8204-26,03/04/2026 14:25,07/04/2026,Open,,Acceptable (4),AVA- LOADSHEET DISCREPANCY,N934AG
O8091-26,03/04/2026 08:25,06/04/2026,Open,,Acceptable (4),AVA- EXCESSIVE AMOUNT OF TRASH,N762AV
O8069-26,02/04/2026 16:10,06/04/2026,Open,,Acceptable (4),AVA- PINS INSTALLED WITHOUT REPORTING,HK-5353
O8054-26,02/04/2026 15:40,06/04/2026,Open,Logged for Statistics,Acceptable (4),AVA- ACCESS EQUIP WRONG POSITIONING,N962AV
O8059-26,02/04/2026 14:50,06/04/2026,Open,,Acceptable (4),AVA-WRONG FUEL PROCEDURE,N766AV
O8052-26,02/04/2026 11:30,06/04/2026,Open,,Acceptable (4),AVA- WRONG GRN PROCEDURE,N446AV
O8075-26,02/04/2026 08:00,06/04/2026,Open,Assessment Only,Acceptable (2),AVA- WRONG GRN PROCEDURE,N691AV
O8028-26,02/04/2026 05:30,06/04/2026,Open,,Acceptable (4),AVA- AIRCRAFT WITHOUT POTABLE WATER,HK-5365
O7920-26,01/04/2026 14:00,01/04/2026,Open,Logged for Statistics,Acceptable (2),AVA- WRONG GRN PROCEDURE,HK-5423
O7912-26,01/04/2026 12:56,01/04/2026,Open,,Acceptable (4),AVA- CONVEYOR APPROACH WITHOUT GUIDE MAN,N230AC
O7866-26,31/03/2026 21:25,01/04/2026,Open,,Acceptable (4),AVA- STAIR WAY WRONG OPERATION,HK-5378
O7868-26,31/03/2026 19:08,01/04/2026,Open,,Acceptable (4),AVA- STAIRWAY WRONG OPERATION,N742AV
O7867-26,31/03/2026 16:00,01/04/2026,Open,,Acceptable (4),AVA- [DG] LACK TO NOTOC ICE AT MDE,N562AV
O7863-26,31/03/2026 12:27,01/04/2026,Open,,Acceptable (4),AVA- CARGO HOLD - NETS NOT RAISED,HK-5395
O7966-26,31/03/2026 12:00,06/04/2026,Open,Logged for Statistics,Acceptable (4),AVA- UNSAFE AIRBRIDGE RETRACTION NEAR ACU,N766AV
O7832-26,31/03/2026 10:58,01/04/2026,Open,,Acceptable (2),AVA- GSE WRONG OPERATION,N567AV
O7815-26,31/03/2026 07:40,31/03/2026,Open,,Acceptable (4),AVA- CONVEYOR APPROACH WITHOUT GUIDE MAN,N944AV
O7783-26,30/03/2026 15:44,31/03/2026,Open,,Acceptable (4),AVA- CARGO NETS NOT RAISED,
O7790-26,30/03/2026 15:00,31/03/2026,Open,,Acceptable (2),AVA- GSE WEDGE-LESS CONVEYOR,HK-5353
O7791-26,30/03/2026 14:56,31/03/2026,Open,,Acceptable (4),AVA- CARGO NETS NOT RAISED,N748AV
O7741-26,30/03/2026 13:35,31/03/2026,Open,Logged for Statistics,Tolerable (20),"TAI- WRONG FUELING PROCEDURE AT MCO (&#43,3800KG)",N967AV
O7798-26,30/03/2026 10:40,31/03/2026,Open,,Acceptable (4),AVA- POTH ON THE RUNWAY,N961AV
O7850-26,30/03/2026 10:00,01/04/2026,In Progress,Full Investigation,Tolerable (100),AVA- CARGO COMPARTMENT DAMAGE AT BOG N723AV,N723AV
O7825-26,30/03/2026 10:00,01/04/2026,Open,,Acceptable (4),TPA- [DG[ LACK SEGREGATION IN WAREHOUSE AT BOG,
O7725-26,29/03/2026 20:45,31/03/2026,Open,,Acceptable (2),AVA- GSE PLANT WITHOUT WEDGES,N950AV
O7726-26,29/03/2026 20:38,31/03/2026,Open,,Acceptable (2),AVA- GSE APPROACH WITHOUT GUIDE MAN,N793AV
O7736-26,29/03/2026 19:57,31/03/2026,Open,,Acceptable (4),AVA- GSE UNATTENDED,N943AV
O7693-26,29/03/2026 14:08,31/03/2026,Open,,Acceptable (1),AVA- CONVEYOR WITHOUT SAFETY BARIER,N742AV
O7739-26,29/03/2026 09:00,31/03/2026,Open,,Acceptable (4),AVA- PLATFORM DAMAGED IN 4 POSITION,N4304
O7637-26,28/03/2026 20:33,30/03/2026,Open,,Acceptable (4),AVA- GSE FAILURE TO USE WEDGES,HK-5408
O7644-26,28/03/2026 14:35,30/03/2026,Open,,Acceptable (4),AVA- CONEYOR APPOACH WITHOUT GUIDE MAN,N962AV
O7625-26,28/03/2026 01:45,30/03/2026,Open,,Acceptable (2),AVA- GSE IN BAD CONDITIONS GPU1339,HK-5388
O7540-26,27/03/2026 15:30,27/03/2026,Open,Logged for Statistics,Acceptable (4),AVA- GSE EXTINGUISHER EMPTY FOUND IN RAMP AT SCL,HK-5410
O7486-26,27/03/2026 10:09,27/03/2026,Open,,Acceptable (4),AVA- CARGO HOLD - NETS NOT RAISED,N726AV
O7529-26,27/03/2026 05:55,27/03/2026,Open,Logged for Statistics,Acceptable (1),ISSUE WITH FM MOBILE SUPERVISOR SIGNATURE AT BOG,N481AV
O7473-26,26/03/2026 14:35,27/03/2026,Open,,Acceptable (4),AVA- DORTY APROACH WITHOUT GUIDE MAN,N795AV
O7510-26,26/03/2026 13:48,27/03/2026,Open,,Acceptable (4),AVA- CARGO HOLD - NETS NOT RAISED,N416AV
O7480-26,26/03/2026 12:01,27/03/2026,Open,Logged for Statistics,Acceptable (2),AVA- CARGO EXCEEDING CONTOUR,N345AV
O7504-26,26/03/2026 12:00,27/03/2026,Open,Logged for Statistics,Acceptable (2),AVA- LOADSHEET DISCREPANCY,N780AV
O7531-26,26/03/2026 08:10,27/03/2026,Open,,Acceptable (2),AVA- AIR CONDITION GSE IN BAD CONDTION AT RCH,N446AV
O7557-26,26/03/2026 06:35,30/03/2026,In Progress,Assessment Only,Acceptable (1),AVA- WATER/WASTE WRONG POCEDURE,N942AV
O7454-26,26/03/2026 06:25,27/03/2026,Open,Logged for Statistics,Acceptable (2),AVA- INCORRECT CONING,N938AV
O7478-26,26/03/2026 06:20,27/03/2026,Open,,Acceptable (4),AVA- NETS NOT RAISED AT MAO,N398AV
O7448-26,26/03/2026 05:09,27/03/2026,Open,,Acceptable (2),AVA- MISPLACED TELESCOPIC TUBE,HC-CJV
O7328-26,25/03/2026 14:00,26/03/2026,Open,Logged for Statistics,Acceptable (1),AVA- WRONG GRN PROCEDURE FM MOBILE,N741AV
O7315-26,25/03/2026 12:40,26/03/2026,Open,Logged for Statistics,Acceptable (1),AVA- WRONG GRN PROCEDURE FM MOBILE,HK-5408
O7314-26,25/03/2026 12:40,26/03/2026,Open,,Acceptable (4),AVA- PARKING PROCEDURE ERROR,HK-5408
O8042-26,25/03/2026 12:00,06/04/2026,In Progress,Assessment Only,Tolerable (21),GUG- INADEQUATE AIRPORT INFRASTRUCTURE RAMP LIGHTNING 3A,N538AV
O7335-26,25/03/2026 12:00,26/03/2026,Open,,Acceptable (4),AVA- EQUIP WRONG POSITION,N748AV
O7412-26,25/03/2026 10:40,27/03/2026,Open,,Acceptable (2),AVA- LACK OF/INADEQUATE TRAINING,
O7411-26,25/03/2026 10:02,27/03/2026,Open,,Acceptable (4),AVR- CARGO NETS NOT RAISED,N284AV
O7364-26,25/03/2026 07:00,26/03/2026,Open,,Acceptable (4),AVA- EQUIP APROACH WITHOUT GUIDE MAN,
O7272-26,24/03/2026 17:28,26/03/2026,Open,,Acceptable (4),AVA- PUSHBACK/TOWING PROCEDURE ERROR,N794AV
O7301-26,24/03/2026 12:00,26/03/2026,Open,,,OMA TTS- DELAYS IN AIRCRAFT TRANSFERS AT SAL,N965AV
O7175-26,24/03/2026 05:45,25/03/2026,Open,Logged for Statistics,Acceptable (1),AVA- WRONG FUELING PROCEDURE WITH PAX ONBOARD AT MDE,N401AV
O7213-26,23/03/2026 23:20,26/03/2026,Open,,Acceptable (1),AVR- PASSENGERS EXPOSED TO HEAVY RAIN DURING BOARDING/DEBOARDING DUE TO JET BRIDGE FAILURE AND OPERATIONAL PRESSURE,N724AV
O7227-26,23/03/2026 16:44,26/03/2026,Open,,Acceptable (2),AVA- PUSHBACK PROCEDURE ERROR,N992AV
O7161-26,23/03/2026 10:05,25/03/2026,Open,Logged for Statistics,Acceptable (4),AVA- LACK OF TRAINING,N691AV
O7210-26,23/03/2026 03:10,26/03/2026,Open,,Acceptable (2),AVA- GSE IN BAD CONDITION,N945AV
O6973-26,22/03/2026 12:00,24/03/2026,Open,,Acceptable (2),AVA- EXTERNAL POWER UNIT FAILURE,N955AV
O7138-26,22/03/2026 07:30,25/03/2026,Open,,Acceptable (4),AVR- AVIH UNSAFELY LOADED UNSECURED ANIMAL,N728AV
O7046-26,22/03/2026 06:40,25/03/2026,Open,Logged for Statistics,Acceptable (2),AVA- WRONG GRN PROCEDURE,N931AV
O6954-26,21/03/2026 15:30,24/03/2026,Open,Logged for Statistics,Acceptable (4),AVA- GSE PAYMOVER AND GPU EXTINGUISHER EMPTY FOUND IN RAMP AT SCL,N940AV
O6959-26,21/03/2026 13:55,24/03/2026,Open,Logged for Statistics,Acceptable (4),AVA- JET WAY WRONG PROCEDURE,HK-5395
O7239-26,21/03/2026 12:12,26/03/2026,Open,,Acceptable (4),"AVA- INCORRECTLY ORIENTED CARGO FROM ASU &amp, FOUND AT BOG",N743AV
O6942-26,21/03/2026 02:55,24/03/2026,Open,,Acceptable (4),AVA- NETS NOT RAISED,N446AV
O7150-26,20/03/2026 18:00,25/03/2026,Open,,Acceptable (4),AVA- INADEQUATE AIRPORT INFRASTRUCTURE,
O6923-26,20/03/2026 16:32,24/03/2026,Open,,Acceptable (1),TPA- GSE IN BAD CONDITIONS,N338QT
O6928-26,20/03/2026 12:00,24/03/2026,Open,,,OMATTS- SCRATCH IN AIRCRAFT IN HANGAR TTS,N939AV
O6758-26,20/03/2026 06:30,20/03/2026,Open,Logged for Statistics,Acceptable (4),AVA- GSE APPROACH WITHOUT GUIDE MAN AT BOG,N821AV
O7121-26,19/03/2026 10:24,25/03/2026,Open,Logged for Statistics,Acceptable (2),AVA- [DG] INCORRECT HANDLING - WRONG PALLETIZING AT BOG,N748AV
O6866-26,18/03/2026 12:00,20/03/2026,Open,,Acceptable (4),AVA- WRONG GRN PROCEDURE AT BOG AVA216,N481AV
O6522-26,18/03/2026 05:00,18/03/2026,Open,Logged for Statistics,Acceptable (1),AVA- WRONG GRN PROCEDURE FM MOBILE,N944AV
O6527-26,17/03/2026 21:27,18/03/2026,Open,Logged for Statistics,Acceptable (1),AVA- WRONG GRN PROCEDURE FM MOBILE,N519AV
O6601-26,17/03/2026 20:03,18/03/2026,In Progress,Assessment Only,Tolerable (20),TPA- CENTER GUIDE UNACTIVATED POS HJL AT GUA,N334QT
O6594-26,17/03/2026 18:35,18/03/2026,Open,Logged for Statistics,Acceptable (2),AVA- BAGGAGE BULT TOO HIGH,HK-5395
O6580-26,17/03/2026 15:05,18/03/2026,Open,Logged for Statistics,Acceptable (1),AVA- WRONG GRN PROCEDURE FM MOBILE,N742AV
O6633-26,17/03/2026 13:00,18/03/2026,Open,,Acceptable (2),AVA- AVIH UNSAFELY LOADED DUE TO CARGO NETS IN BAD CONDITION,N945AV
O6491-26,17/03/2026 12:00,17/03/2026,Open,Logged for Statistics,Acceptable (1),AVA- WRONG GRN PROCEDURE FM MOBILE,N740AV
O6534-26,16/03/2026 18:30,18/03/2026,Open,Logged for Statistics,Acceptable (4),AVA- AIRBRIDGE WRONG OPERATION,N398AV
O6536-26,16/03/2026 18:27,18/03/2026,Open,Logged for Statistics,Acceptable (4),AVA- AIRBRIDGE WRONG OPERATION,N775AV
O6570-26,16/03/2026 15:50,18/03/2026,Open,,Acceptable (1),AVA- CARGO NETS IN BAD CONDITIONS,N958AV
O6539-26,16/03/2026 08:00,18/03/2026,Open,Logged for Statistics,Acceptable (1),AVA- WRONG FUELING PROCEDURE COMM WITH PAX ONBOARD AT CTG,N908AV
O7109-26,15/03/2026 20:28,25/03/2026,Open,,Acceptable (4),AVA- FWD CARGO PANEL DAMAGED,N786AV
O6352-26,15/03/2026 06:00,16/03/2026,Open,,Acceptable (2),AVA- AVIH UNSAFELY LOADED,
O6350-26,14/03/2026 18:27,16/03/2026,Open,Logged for Statistics,Acceptable (4),AVA- WRONG GRH PROCEDURE,N688TA
O6439-26,14/03/2026 18:17,17/03/2026,Open,Logged for Statistics,Acceptable (2),AVA- GSE UNDER AIRCRAFT CLEARANCE EVENT,N422AV
O6340-26,14/03/2026 16:27,16/03/2026,Open,Logged for Statistics,Acceptable (4),AVA- GSE APPROACH WITHOUT GUIDE MAN,N750AV
O6304-26,14/03/2026 09:45,16/03/2026,Open,Logged for Statistics,Acceptable (4),AVA- WRONG GRH PROCEDURE,N728AV
O9478-26,13/03/2026 05:50,22/04/2026,Open,,Acceptable (4),AVA- CARGO DOLLY FAILURED DURING OPERATION,N799AV
O6127-26,12/03/2026 20:30,13/03/2026,Open,Logged for Statistics,Acceptable (1),AVA- WRONG GRN PROCEDURE,N906AV
O6191-26,12/03/2026 05:50,13/03/2026,Open,,Tolerable (20),AVA- LOADSHEET DISCREPANCY AT BOG,N481AV
O6396-26,11/03/2026 18:00,17/03/2026,Open,,Acceptable (4),AVA- GSE LAVATORY SERVICES DAMAGE DURING DRAINING PROCEDURE AT BGA,HK-5318
O6111-26,11/03/2026 12:10,13/03/2026,Open,,Acceptable (4),AVA- DISCREPANCY IN THE WEIGHT OF ELM,HK-5424
O5911-26,10/03/2026 20:25,11/03/2026,Open,,Acceptable (4),AVA- DISRUPTIVE TALMA STAFF,HK-5424
O5817-26,08/03/2026 14:51,10/03/2026,Open,,Acceptable (2),AVA- LOANDING NOT IN ACCORDANCE WITH LIR,N411AV
O5834-26,08/03/2026 12:47,10/03/2026,Open,Logged for Statistics,Acceptable (4),AVA- GSE UNATTENDED,N775AV
O5833-26,08/03/2026 12:35,10/03/2026,Open,Logged for Statistics,Acceptable (4),AVA- WRONG GRN PROCEDURE,N562AV
O5744-26,07/03/2026 17:40,10/03/2026,Open,,Acceptable (4),AVA- GSE COLLIDES WITH AIRCRAFT - MINOR DAMAGE,N776AV
O5693-26,07/03/2026 15:00,09/03/2026,Open,,Acceptable (4),AVA- LOADSHEET DISCREPANCY,HC-CTX
O5631-26,06/03/2026 15:53,09/03/2026,Open,Logged for Statistics,Acceptable (1),AVA- WRONG CARGO HANDLING,N955AV
O5766-26,06/03/2026 10:56,10/03/2026,Open,,Acceptable (4),TPA- PALLET FALL AT BOG (AMERIJET),
O5608-26,06/03/2026 10:30,09/03/2026,Open,,Acceptable (4),AVA- [DG] INADEQUATE BAGGAGE ACCEOTANCE DETECTED IN ORIGIN WCBD AT UIO,N728AV
O5574-26,06/03/2026 07:00,06/03/2026,Open,,Acceptable (1),AVA- SYSTEM ERROR OVERSIZE SERVICE,N795AV
O5522-26,05/03/2026 11:51,06/03/2026,Open,Logged for Statistics,Acceptable (1),AVA- WRONG REPORT PROCEDURE/FM MOBILE DISCREPANCY,N411AV
O5511-26,05/03/2026 10:05,06/03/2026,Open,Logged for Statistics,Acceptable (4),AVA- SAFETY DIAMOND PROCEDURE NON-COMPLIANCE,N562AV
O5595-26,04/03/2026 07:29,09/03/2026,Open,,Acceptable (4),AVA- [DG] AVIH NOT PROPERLY SEGREGATION WITH ICE AT BOG,N785AV
O5261-26,03/03/2026 14:00,04/03/2026,Open,Logged for Statistics,Acceptable (1),AVA- ISSUE WITH FM MOBILE SUPERVISOR SIGNATURE,N741AV
O5247-26,03/03/2026 03:20,04/03/2026,Open,Logged for Statistics,Acceptable (1),AVA- ISSUE WITH FM MOBILE SUPERVISOR SIGNATURE,N426AV
O5248-26,03/03/2026 01:00,04/03/2026,In Progress,Assessment Only,Tolerable (20),AVA- COLLISION GSE TO GSE,HK-5352
O5233-26,02/03/2026 18:19,04/03/2026,Open,Logged for Statistics,Acceptable (1),AVA- ISSUE WITH FM MOBILE SUPERVISOR SIGNATURE,HK-5425
O5230-26,02/03/2026 16:00,04/03/2026,Open,Logged for Statistics,Acceptable (1),AVA- ISSUE WITH FM MOBILE SUPERVISOR SIGNATURE,N401AV
O5229-26,02/03/2026 15:59,04/03/2026,Open,Logged for Statistics,Acceptable (1),AVA- ISSUE WITH FM MOBILE SUPERVISOR SIGNATURE,N195AV
O5116-26,02/03/2026 13:35,03/03/2026,Open,Logged for Statistics,Acceptable (2),AVA- WRONG FUEL PROCEDURE,N750AV
O5448-26,02/03/2026 12:59,06/03/2026,Open,,Acceptable (4),AVA- AIRPORT INFRASTRUCTURE,
O5131-26,02/03/2026 09:27,03/03/2026,Open,Logged for Statistics,Acceptable (2),AVA- ISSUE WITH FM MOBILE SUPERVISOR SIGNATURE,N862AV
O5446-26,01/03/2026 20:44,06/03/2026,Open,Logged for Statistics,Acceptable (4),AVA- WRONG FUELING PROCEDURE,N908AV
O5279-26,01/03/2026 16:00,05/03/2026,Open,Logged for Statistics,Acceptable (1),AVA- GTB DUE TO FM MOBILE DISCREPANCY AT BOG,N791AV
O5211-26,01/03/2026 14:28,04/03/2026,Open,,Acceptable (1),AVA- AVIH UNSAFELY LOADED AT CLO,N792AV
O5204-26,01/03/2026 14:20,04/03/2026,Open,,Acceptable (4),AVA- CONVEYOR WITHOUT SAFETY BARRIER,N938AV
O5198-26,01/03/2026 13:55,04/03/2026,Open,,Acceptable (4),AVA- WRONG GRN PROCEDURE AT BOG,HK-5393
O5111-26,28/02/2026 18:37,03/03/2026,Open,,Acceptable (1),AVR- WRONG CARGO HANDLING,N724AV
O4900-26,26/02/2026 07:20,02/03/2026,In Progress,Assessment Only,Tolerable (20),AVA- SeMS- WRONG PROCEDURE WEAPON MTR-BOG,HK-5407
O4129-26,22/02/2026 09:10,23/02/2026,In Progress,Full Investigation,Tolerable (100),AVA- ENG 1 DAMAGE DUE GPU HIT FAN COWLING DURING RAMP OEPRATION AT BOG,N647AV
O4446-26,20/02/2026 16:50,25/02/2026,Open,,Acceptable (4),TPA- CARGO/BAGGAGE BUILT TOO HIGH,N332QT
O4114-26,18/02/2026 12:00,23/02/2026,Open,,Acceptable (1),AVAMRO- EXTERNAL ENFORCEMENT ACTION WITH POTENTIAL HUMAN FACTORS IMPLICATIONS,
O4862-26,17/02/2026 03:05,02/03/2026,Open,Logged for Statistics,Tolerable (20),AVA- [DG] POWER BANK INFLATED IN CABIN AT BOG,
O4278-26,16/02/2026 14:54,24/02/2026,Open,,Acceptable (4),TPA- VEHICLE/STAFF CROSSING A/C TAXI PATH AT BOG,N334QT
O3773-26,13/02/2026 22:33,18/02/2026,Open,,Acceptable (4),TPA - CARGO NETS IN BAD CONDITION,
O3768-26,12/02/2026 13:40,18/02/2026,Open,,Acceptable (4),TPA - CARGO NETS IN BAD CONDITION,N332QT
O3795-26,11/02/2026 07:53,18/02/2026,Open,,Acceptable (1),TPA- UNCHARGED FIRE EXTINGUISHER,N336QT
O3759-26,10/02/2026 17:20,18/02/2026,Open,,Acceptable (4),TPA- TOOL IN BAD CONDITIONS,N334QT
O3551-26,09/02/2026 17:00,16/02/2026,Open,,Acceptable (4),TPA- NETS IN BAD CONDITIONS QT4089 09-FEB N334QT,N334QT
O2570-26,30/01/2026 06:07,02/02/2026,Open,,Acceptable (1),TPA- WRONG GRN PROCEDURE,N332QT
O2788-26,29/01/2026 10:58,05/02/2026,Open,,Acceptable (4),TPA- WRONG FUELING PROCEDURE,
O2493-26,29/01/2026 01:18,02/02/2026,Open,,Acceptable (1),TPA- WRONG GRN PROCEDURE,N331QT
O2377-26,28/01/2026 12:00,30/01/2026,Open,,Acceptable (4),TPA- NETS IN BAD CONDITIONS,N331QT
O2376-26,28/01/2026 12:00,30/01/2026,Open,,Acceptable (4),TPA- NETS IN BAD CONDITIONS,N331QT
O2441-26,28/01/2026 10:13,02/02/2026,Open,,Acceptable (1),TPA- WRONG GRN PROCEDURE,N330QT
O2232-26,28/01/2026 08:30,28/01/2026,Open,,Acceptable (4),AVA- [DG] WRONG CARGO HANDLING AT BOG,
O2224-26,28/01/2026 04:17,28/01/2026,Open,,Acceptable (1),TPA - STAIRWAY WRONG OPERATION,
O2221-26,27/01/2026 12:00,28/01/2026,Open,,Acceptable (4),TPA- CARGO UNSECURED,N331QT
O2209-26,27/01/2026 12:00,28/01/2026,Open,,Acceptable (4),TPA- CARGO UNSECURED,N330QT
O2303-26,27/01/2026 09:07,29/01/2026,Open,,Acceptable (4),TPA- NETS IN BAD CONDITIONS,N336QT
O2228-26,26/01/2026 21:54,28/01/2026,Open,,Acceptable (1),TPA- PANEL UNSECURED AT MDE,N342AV
O2141-26,26/01/2026 18:13,27/01/2026,Open,,Acceptable (4),TPA- NETS IN BAD CONDITIONS,
O2230-26,26/01/2026 16:00,28/01/2026,Open,,Acceptable (4),TPA- NETS IN BAD CONDITIONS,
O2139-26,26/01/2026 15:36,27/01/2026,Open,,Acceptable (4),TPA- NETS IN BAD CONDITIONS,
O2137-26,26/01/2026 15:14,27/01/2026,Open,,Acceptable (4),TPA- NETS INOPERATIVE,
O2343-26,25/01/2026 11:00,30/01/2026,Open,,Acceptable (4),TPA- NETS IN BAD CONDITIONS,N331QT
O2171-26,25/01/2026 02:58,27/01/2026,Open,,Acceptable (4),TPA- NETS IN BAD CONDITIONS,
O2126-26,25/01/2026 01:59,27/01/2026,Open,,Acceptable (4),TPA- NETS IN BAD CONDITIONS,
O2172-26,24/01/2026 09:46,27/01/2026,Open,,Acceptable (4),TPA- NETS IN BAD CONDITIONS,
O2163-26,24/01/2026 09:31,27/01/2026,Open,,Acceptable (4),TPA- NETS IN BAD CONDITIONS,
O2124-26,24/01/2026 04:42,27/01/2026,Open,,Acceptable (4),TPA- NETS IN BAD CONDITION,
O2122-26,24/01/2026 02:04,27/01/2026,Open,,Acceptable (4),TPA- NETS IN BAD CONDITIONS,
O2143-26,24/01/2026 00:24,27/01/2026,Open,,Acceptable (4),TPA- NETS INOP,
O2268-26,23/01/2026 14:38,28/01/2026,Open,,Acceptable (1),TPA- VEHICLE WITHOUT CHOCKS,N336QT
O1875-26,22/01/2026 21:15,23/01/2026,Open,,Acceptable (4),AVA- ENG 2 CONTAMINED WITH FOD ON PLATFORM DURING TAXIING AT BOG,N906AV
O1177-26,15/01/2026 02:30,16/01/2026,Open,,Tolerable (21),TPA- WRONG FUELING PROCEDURE AT SCL,N334QT
O964-26,14/01/2026 12:00,15/01/2026,Open,,Acceptable (4),TPA- NETS IN BAD CONDITIONS,N335QT
O954-26,11/01/2026 07:54,15/01/2026,Open,,Acceptable (4),TPA- NETS IN BAD CONDITIONS,N334QT
O982-26,10/01/2026 16:05,15/01/2026,Open,,Acceptable (4),TPA- NETS IN BAD CONDITIONS,
O950-26,10/01/2026 15:40,15/01/2026,Open,,Acceptable (4),TPA- NETS IN BAD CONDITIONS,
O775-26,10/01/2026 02:00,13/01/2026,Open,,Acceptable (4),TPA - [DG] UNDECLARED DANGEROUS GOODS AT MIA,N335QT
O853-26,09/01/2026 15:52,14/01/2026,Open,,Acceptable (4),TPA- NETS IN BAD CONDITIONS,
O563-26,09/01/2026 11:00,09/01/2026,Open,,Acceptable (10),AVA- INADEQUATE AIRPORT INFRASTRUCTURE AT MDE,HK-5408
O636-26,08/01/2026 12:00,13/01/2026,Open,,Acceptable (10),AVA- INADEQUATE AIRPORT INFRAESTRUCTURE IN RAMP AT VUP,N411AV
O513-26,08/01/2026 11:02,09/01/2026,Open,,Acceptable (1),TPA- WRONG GRN PROCEDURE,N342AV
O2776-26,01/01/2026 20:00,05/02/2026,Open,,Acceptable (4),AVA- PERSSONAL OF ATOS BLOCKED AIRPORT DOORS BEFORE CREW LEAVE AT MDE.,
